Metric,method,Value,Name,n_clus,clustering,level
ARI,Dune,0.9924157248339023,SC3.00,40,SC3,0
ARI,Dune,0.7585936377360104,UMAP_KMEANS.00,40,UMAP_KMEANS,0
ARI,Dune,0.7610807442963243,TSNE_KMEANS.00,40,TSNE_KMEANS,0
ARI,Dune,0.9924157248339023,SC3.05,40,SC3,5
ARI,Dune,0.7694435404394057,UMAP_KMEANS.05,39,UMAP_KMEANS,5
ARI,Dune,0.7717051805272199,TSNE_KMEANS.05,39,TSNE_KMEANS,5
ARI,Dune,0.9924157248339023,SC3.10,40,SC3,10
ARI,Dune,0.7863908418448007,UMAP_KMEANS.10,37,UMAP_KMEANS,10
ARI,Dune,0.7717051805272199,TSNE_KMEANS.10,39,TSNE_KMEANS,10
ARI,Dune,0.9549157997183091,SC3.15,39,SC3,15
ARI,Dune,0.7863908418448007,UMAP_KMEANS.15,37,UMAP_KMEANS,15
ARI,Dune,0.761751639556237,TSNE_KMEANS.15,38,TSNE_KMEANS,15
ARI,Dune,0.9549157997183091,SC3.20,39,SC3,20
ARI,Dune,0.7863908418448007,UMAP_KMEANS.20,37,UMAP_KMEANS,20
ARI,Dune,0.7577539689972193,TSNE_KMEANS.20,37,TSNE_KMEANS,20
ARI,Dune,0.9549157997183091,SC3.25,39,SC3,25
ARI,Dune,0.7863908418448007,UMAP_KMEANS.25,37,UMAP_KMEANS,25
ARI,Dune,0.7585430411544634,TSNE_KMEANS.25,36,TSNE_KMEANS,25
ARI,Dune,0.9221114115000643,SC3.30,38,SC3,30
ARI,Dune,0.7932086671479359,UMAP_KMEANS.30,36,UMAP_KMEANS,30
ARI,Dune,0.7585430411544634,TSNE_KMEANS.30,36,TSNE_KMEANS,30
ARI,Dune,0.8724708408047875,SC3.35,37,SC3,35
ARI,Dune,0.7932086671479359,UMAP_KMEANS.35,36,UMAP_KMEANS,35
ARI,Dune,0.7391219071894111,TSNE_KMEANS.35,35,TSNE_KMEANS,35
ARI,Dune,0.8724708408047875,SC3.40,37,SC3,40
ARI,Dune,0.7932086671479359,UMAP_KMEANS.40,36,UMAP_KMEANS,40
ARI,Dune,0.7391219071894111,TSNE_KMEANS.40,35,TSNE_KMEANS,40
ARI,Dune,0.8724708408047875,SC3.45,37,SC3,45
ARI,Dune,0.8023244977356836,UMAP_KMEANS.45,35,UMAP_KMEANS,45
ARI,Dune,0.7481098202269059,TSNE_KMEANS.45,34,TSNE_KMEANS,45
ARI,Dune,0.8724708408047875,SC3.50,37,SC3,50
ARI,Dune,0.8132808013881305,UMAP_KMEANS.50,33,UMAP_KMEANS,50
ARI,Dune,0.7605563884695392,TSNE_KMEANS.50,32,TSNE_KMEANS,50
ARI,Dune,0.8477105183681649,SC3.55,36,SC3,55
ARI,Dune,0.8132808013881305,UMAP_KMEANS.55,33,UMAP_KMEANS,55
ARI,Dune,0.7724592437908322,TSNE_KMEANS.55,30,TSNE_KMEANS,55
ARI,Dune,0.8477105183681649,SC3.60,36,SC3,60
ARI,Dune,0.8132808013881305,UMAP_KMEANS.60,33,UMAP_KMEANS,60
ARI,Dune,0.7620684101209503,TSNE_KMEANS.60,28,TSNE_KMEANS,60
ARI,Dune,0.8477105183681649,SC3.65,36,SC3,65
ARI,Dune,0.8132808013881305,UMAP_KMEANS.65,33,UMAP_KMEANS,65
ARI,Dune,0.7628303876309337,TSNE_KMEANS.65,27,TSNE_KMEANS,65
ARI,Dune,0.8477105183681649,SC3.70,36,SC3,70
ARI,Dune,0.8359255417178554,UMAP_KMEANS.70,28,UMAP_KMEANS,70
ARI,Dune,0.7628303876309337,TSNE_KMEANS.70,27,TSNE_KMEANS,70
ARI,Dune,0.8477105183681649,SC3.75,36,SC3,75
ARI,Dune,0.852808140357895,UMAP_KMEANS.75,26,UMAP_KMEANS,75
ARI,Dune,0.7754905472314817,TSNE_KMEANS.75,24,TSNE_KMEANS,75
ARI,Dune,0.8214284556349635,SC3.80,35,SC3,80
ARI,Dune,0.8263021389151194,UMAP_KMEANS.80,25,UMAP_KMEANS,80
ARI,Dune,0.7799228972943006,TSNE_KMEANS.80,23,TSNE_KMEANS,80
ARI,Dune,0.8214284556349635,SC3.85,35,SC3,85
ARI,Dune,0.8263021389151194,UMAP_KMEANS.85,25,UMAP_KMEANS,85
ARI,Dune,0.7799228972943006,TSNE_KMEANS.85,23,TSNE_KMEANS,85
ARI,Dune,0.7979330953848247,SC3.90,34,SC3,90
ARI,Dune,0.8027423191993642,UMAP_KMEANS.90,24,UMAP_KMEANS,90
ARI,Dune,0.7799228972943006,TSNE_KMEANS.90,23,TSNE_KMEANS,90
ARI,Dune,0.7780073035169464,SC3.95,33,SC3,95
ARI,Dune,0.781902436124284,UMAP_KMEANS.95,23,UMAP_KMEANS,95
ARI,Dune,0.7799228972943006,TSNE_KMEANS.95,23,TSNE_KMEANS,95
ARI,Dune,0.7800291450841917,SC3.100,24,SC3,100
ARI,Dune,0.781902436124284,UMAP_KMEANS.100,23,UMAP_KMEANS,100
ARI,Dune,0.7799228972943006,TSNE_KMEANS.100,23,TSNE_KMEANS,100
ARI,Dune_NMI,0.9924157248339023,SC3.00,40,SC3,0
ARI,Dune_NMI,0.7585936377360104,UMAP_KMEANS.00,40,UMAP_KMEANS,0
ARI,Dune_NMI,0.7610807442963243,TSNE_KMEANS.00,40,TSNE_KMEANS,0
ARI,Dune_NMI,0.9924157248339023,SC3.05,40,SC3,5
ARI,Dune_NMI,0.7694435404394057,UMAP_KMEANS.05,39,UMAP_KMEANS,5
ARI,Dune_NMI,0.7717051805272199,TSNE_KMEANS.05,39,TSNE_KMEANS,5
ARI,Dune_NMI,0.9924157248339023,SC3.10,40,SC3,10
ARI,Dune_NMI,0.7694435404394057,UMAP_KMEANS.10,39,UMAP_KMEANS,10
ARI,Dune_NMI,0.7810863413954834,TSNE_KMEANS.10,38,TSNE_KMEANS,10
ARI,Dune_NMI,0.9924157248339023,SC3.15,40,SC3,15
ARI,Dune_NMI,0.7789002567140475,UMAP_KMEANS.15,38,UMAP_KMEANS,15
ARI,Dune_NMI,0.7810863413954834,TSNE_KMEANS.15,38,TSNE_KMEANS,15
ARI,Dune_NMI,0.9924157248339023,SC3.20,40,SC3,20
ARI,Dune_NMI,0.787474546582974,UMAP_KMEANS.20,37,UMAP_KMEANS,20
ARI,Dune_NMI,0.7810863413954834,TSNE_KMEANS.20,38,TSNE_KMEANS,20
ARI,Dune_NMI,0.9924157248339023,SC3.25,40,SC3,25
ARI,Dune_NMI,0.8068139314302556,UMAP_KMEANS.25,35,UMAP_KMEANS,25
ARI,Dune_NMI,0.7810863413954834,TSNE_KMEANS.25,38,TSNE_KMEANS,25
ARI,Dune_NMI,0.9924157248339023,SC3.30,40,SC3,30
ARI,Dune_NMI,0.813417312800726,UMAP_KMEANS.30,34,UMAP_KMEANS,30
ARI,Dune_NMI,0.7810863413954834,TSNE_KMEANS.30,38,TSNE_KMEANS,30
ARI,Dune_NMI,0.9924157248339023,SC3.35,40,SC3,35
ARI,Dune_NMI,0.8183511370609265,UMAP_KMEANS.35,33,UMAP_KMEANS,35
ARI,Dune_NMI,0.7810863413954834,TSNE_KMEANS.35,38,TSNE_KMEANS,35
ARI,Dune_NMI,0.9924157248339023,SC3.40,40,SC3,40
ARI,Dune_NMI,0.8241837247269717,UMAP_KMEANS.40,32,UMAP_KMEANS,40
ARI,Dune_NMI,0.7862398119190748,TSNE_KMEANS.40,37,TSNE_KMEANS,40
ARI,Dune_NMI,0.9924157248339023,SC3.45,40,SC3,45
ARI,Dune_NMI,0.8241837247269717,UMAP_KMEANS.45,32,UMAP_KMEANS,45
ARI,Dune_NMI,0.7940627797753099,TSNE_KMEANS.45,36,TSNE_KMEANS,45
ARI,Dune_NMI,0.9924157248339023,SC3.50,40,SC3,50
ARI,Dune_NMI,0.8241837247269717,UMAP_KMEANS.50,32,UMAP_KMEANS,50
ARI,Dune_NMI,0.8082556157308467,TSNE_KMEANS.50,34,TSNE_KMEANS,50
ARI,Dune_NMI,0.9924157248339023,SC3.55,40,SC3,55
ARI,Dune_NMI,0.8241837247269717,UMAP_KMEANS.55,32,UMAP_KMEANS,55
ARI,Dune_NMI,0.8129963630721379,TSNE_KMEANS.55,33,TSNE_KMEANS,55
ARI,Dune_NMI,0.9924157248339023,SC3.60,40,SC3,60
ARI,Dune_NMI,0.828441938310337,UMAP_KMEANS.60,31,UMAP_KMEANS,60
ARI,Dune_NMI,0.8203766586289509,TSNE_KMEANS.60,32,TSNE_KMEANS,60
ARI,Dune_NMI,0.9924157248339023,SC3.65,40,SC3,65
ARI,Dune_NMI,0.8350032641335242,UMAP_KMEANS.65,30,UMAP_KMEANS,65
ARI,Dune_NMI,0.8203766586289509,TSNE_KMEANS.65,32,TSNE_KMEANS,65
ARI,Dune_NMI,0.9924157248339023,SC3.70,40,SC3,70
ARI,Dune_NMI,0.8350032641335242,UMAP_KMEANS.70,30,UMAP_KMEANS,70
ARI,Dune_NMI,0.8321090435000692,TSNE_KMEANS.70,30,TSNE_KMEANS,70
ARI,Dune_NMI,0.9924157248339023,SC3.75,40,SC3,75
ARI,Dune_NMI,0.8380196152814271,UMAP_KMEANS.75,29,UMAP_KMEANS,75
ARI,Dune_NMI,0.8321090435000692,TSNE_KMEANS.75,30,TSNE_KMEANS,75
ARI,Dune_NMI,0.9924157248339023,SC3.80,40,SC3,80
ARI,Dune_NMI,0.8494701207799122,UMAP_KMEANS.80,27,UMAP_KMEANS,80
ARI,Dune_NMI,0.8321090435000692,TSNE_KMEANS.80,30,TSNE_KMEANS,80
ARI,Dune_NMI,0.9924157248339023,SC3.85,40,SC3,85
ARI,Dune_NMI,0.8494701207799122,UMAP_KMEANS.85,27,UMAP_KMEANS,85
ARI,Dune_NMI,0.8395777731838976,TSNE_KMEANS.85,28,TSNE_KMEANS,85
ARI,Dune_NMI,0.9924157248339023,SC3.90,40,SC3,90
ARI,Dune_NMI,0.8494701207799122,UMAP_KMEANS.90,27,UMAP_KMEANS,90
ARI,Dune_NMI,0.8450842476304459,TSNE_KMEANS.90,27,TSNE_KMEANS,90
ARI,Dune_NMI,0.9924157248339023,SC3.95,40,SC3,95
ARI,Dune_NMI,0.852808140357895,UMAP_KMEANS.95,26,UMAP_KMEANS,95
ARI,Dune_NMI,0.8496219728662933,TSNE_KMEANS.95,26,TSNE_KMEANS,95
ARI,Dune_NMI,0.9967536736868814,SC3.100,31,SC3,100
ARI,Dune_NMI,0.852808140357895,UMAP_KMEANS.100,26,UMAP_KMEANS,100
ARI,Dune_NMI,0.8496219728662933,TSNE_KMEANS.100,26,TSNE_KMEANS,100
ARI,DE,0.9924157248339023,SC3.SC3_0,40,SC3,0
ARI,DE,0.9923027968692053,SC3.SC3_0.005,39,SC3,0.005
ARI,DE,0.9918552774154359,SC3.SC3_0.01,31,SC3,0.01
ARI,DE,0.9918552774154359,SC3.SC3_0.015,31,SC3,0.015
ARI,DE,0.9918552774154359,SC3.SC3_0.02,31,SC3,0.02
ARI,DE,0.9918552774154359,SC3.SC3_0.025,31,SC3,0.025
ARI,DE,0.9918552774154359,SC3.SC3_0.03,31,SC3,0.03
ARI,DE,0.9918552774154359,SC3.SC3_0.035,31,SC3,0.035
ARI,DE,0.9918552774154359,SC3.SC3_0.04,31,SC3,0.04
ARI,DE,0.9918552774154359,SC3.SC3_0.045,31,SC3,0.045
ARI,DE,0.9918552774154359,SC3.SC3_0.05,31,SC3,0.05
ARI,DE,0.9918552774154359,SC3.SC3_0.055,31,SC3,0.055
ARI,DE,0.9918552774154359,SC3.SC3_0.06,31,SC3,0.06
ARI,DE,0.8264701132899728,SC3.SC3_0.065,25,SC3,0.065
ARI,DE,0.7030680413665825,SC3.SC3_0.07,20,SC3,0.07
ARI,DE,0.7030680413665825,SC3.SC3_0.075,20,SC3,0.075
ARI,DE,0.6685718831364645,SC3.SC3_0.08,19,SC3,0.08
ARI,DE,0.5540695861465251,SC3.SC3_0.085,17,SC3,0.085
ARI,DE,0.5540695861465251,SC3.SC3_0.09,17,SC3,0.09
ARI,DE,0.5540695861465251,SC3.SC3_0.095,17,SC3,0.095
ARI,DE,0.5540695861465251,SC3.SC3_0.1,17,SC3,0.1
ARI,DE,0.5540695861465251,SC3.SC3_0.105,17,SC3,0.105
ARI,DE,0.3379799743455133,SC3.SC3_0.11,14,SC3,0.11
ARI,DE,0,SC3.SC3_0.115,1,SC3,0.115
ARI,DE,0,SC3.SC3_0.12,1,SC3,0.12
ARI,DE,0,SC3.SC3_0.125,1,SC3,0.125
ARI,DE,0,SC3.SC3_0.13,1,SC3,0.13
ARI,DE,0,SC3.SC3_0.135,1,SC3,0.135
ARI,DE,0,SC3.SC3_0.14,1,SC3,0.14
ARI,DE,0,SC3.SC3_0.145,1,SC3,0.145
ARI,DE,0,SC3.SC3_0.15,1,SC3,0.15
ARI,DE,0,SC3.SC3_0.155,1,SC3,0.155
ARI,DE,0,SC3.SC3_0.16,1,SC3,0.16
ARI,DE,0,SC3.SC3_0.165,1,SC3,0.165
ARI,DE,0,SC3.SC3_0.17,1,SC3,0.17
ARI,DE,0,SC3.SC3_0.175,1,SC3,0.175
ARI,DE,0,SC3.SC3_0.18,1,SC3,0.18
ARI,DE,0,SC3.SC3_0.185,1,SC3,0.185
ARI,DE,0,SC3.SC3_0.19,1,SC3,0.19
ARI,DE,0,SC3.SC3_0.195,1,SC3,0.195
ARI,DE,0,SC3.SC3_0.2,1,SC3,0.2
ARI,DE,0,SC3.SC3_0.205,1,SC3,0.205
ARI,DE,0,SC3.SC3_0.21,1,SC3,0.21
ARI,DE,0,SC3.SC3_0.215,1,SC3,0.215
ARI,DE,0,SC3.SC3_0.22,1,SC3,0.22
ARI,DE,0,SC3.SC3_0.225,1,SC3,0.225
ARI,DE,0,SC3.SC3_0.23,1,SC3,0.23
ARI,DE,0,SC3.SC3_0.235,1,SC3,0.235
ARI,DE,0,SC3.SC3_0.24,1,SC3,0.24
ARI,DE,0,SC3.SC3_0.245,1,SC3,0.245
ARI,DE,0,SC3.SC3_0.25,1,SC3,0.25
ARI,DE,0,SC3.SC3_0.255,1,SC3,0.255
ARI,DE,0,SC3.SC3_0.26,1,SC3,0.26
ARI,DE,0,SC3.SC3_0.265,1,SC3,0.265
ARI,DE,0,SC3.SC3_0.27,1,SC3,0.27
ARI,DE,0,SC3.SC3_0.275,1,SC3,0.275
ARI,DE,0,SC3.SC3_0.28,1,SC3,0.28
ARI,DE,0,SC3.SC3_0.285,1,SC3,0.285
ARI,DE,0,SC3.SC3_0.29,1,SC3,0.29
ARI,DE,0,SC3.SC3_0.295,1,SC3,0.295
ARI,DE,0,SC3.SC3_0.3,1,SC3,0.3
ARI,DE,0.7585936377360104,UMAP_KMEANS.UMAP_KMEANS_0,40,UMAP_KMEANS,0
ARI,DE,0.8263588987091974,UMAP_KMEANS.UMAP_KMEANS_0.005,30,UMAP_KMEANS,0.005
ARI,DE,0.852808140357895,UMAP_KMEANS.UMAP_KMEANS_0.01,26,UMAP_KMEANS,0.01
ARI,DE,0.852808140357895,UMAP_KMEANS.UMAP_KMEANS_0.015,26,UMAP_KMEANS,0.015
ARI,DE,0.852808140357895,UMAP_KMEANS.UMAP_KMEANS_0.02,26,UMAP_KMEANS,0.02
ARI,DE,0.852808140357895,UMAP_KMEANS.UMAP_KMEANS_0.025,26,UMAP_KMEANS,0.025
ARI,DE,0.852808140357895,UMAP_KMEANS.UMAP_KMEANS_0.03,26,UMAP_KMEANS,0.03
ARI,DE,0.852808140357895,UMAP_KMEANS.UMAP_KMEANS_0.035,26,UMAP_KMEANS,0.035
ARI,DE,0.852808140357895,UMAP_KMEANS.UMAP_KMEANS_0.04,26,UMAP_KMEANS,0.04
ARI,DE,0.852808140357895,UMAP_KMEANS.UMAP_KMEANS_0.045,26,UMAP_KMEANS,0.045
ARI,DE,0.852808140357895,UMAP_KMEANS.UMAP_KMEANS_0.05,26,UMAP_KMEANS,0.05
ARI,DE,0.852808140357895,UMAP_KMEANS.UMAP_KMEANS_0.055,26,UMAP_KMEANS,0.055
ARI,DE,0.7792007371314885,UMAP_KMEANS.UMAP_KMEANS_0.06,24,UMAP_KMEANS,0.06
ARI,DE,0.7035129423591067,UMAP_KMEANS.UMAP_KMEANS_0.065,21,UMAP_KMEANS,0.065
ARI,DE,0.7035129423591067,UMAP_KMEANS.UMAP_KMEANS_0.07,21,UMAP_KMEANS,0.07
ARI,DE,0.7035129423591067,UMAP_KMEANS.UMAP_KMEANS_0.075,21,UMAP_KMEANS,0.075
ARI,DE,0.7035129423591067,UMAP_KMEANS.UMAP_KMEANS_0.08,21,UMAP_KMEANS,0.08
ARI,DE,0,UMAP_KMEANS.UMAP_KMEANS_0.085,1,UMAP_KMEANS,0.085
ARI,DE,0,UMAP_KMEANS.UMAP_KMEANS_0.09,1,UMAP_KMEANS,0.09
ARI,DE,0,UMAP_KMEANS.UMAP_KMEANS_0.095,1,UMAP_KMEANS,0.095
ARI,DE,0,UMAP_KMEANS.UMAP_KMEANS_0.1,1,UMAP_KMEANS,0.1
ARI,DE,0,UMAP_KMEANS.UMAP_KMEANS_0.105,1,UMAP_KMEANS,0.105
ARI,DE,0,UMAP_KMEANS.UMAP_KMEANS_0.11,1,UMAP_KMEANS,0.11
ARI,DE,0,UMAP_KMEANS.UMAP_KMEANS_0.115,1,UMAP_KMEANS,0.115
ARI,DE,0,UMAP_KMEANS.UMAP_KMEANS_0.12,1,UMAP_KMEANS,0.12
ARI,DE,0,UMAP_KMEANS.UMAP_KMEANS_0.125,1,UMAP_KMEANS,0.125
ARI,DE,0,UMAP_KMEANS.UMAP_KMEANS_0.13,1,UMAP_KMEANS,0.13
ARI,DE,0,UMAP_KMEANS.UMAP_KMEANS_0.135,1,UMAP_KMEANS,0.135
ARI,DE,0,UMAP_KMEANS.UMAP_KMEANS_0.14,1,UMAP_KMEANS,0.14
ARI,DE,0,UMAP_KMEANS.UMAP_KMEANS_0.145,1,UMAP_KMEANS,0.145
ARI,DE,0,UMAP_KMEANS.UMAP_KMEANS_0.15,1,UMAP_KMEANS,0.15
ARI,DE,0,UMAP_KMEANS.UMAP_KMEANS_0.155,1,UMAP_KMEANS,0.155
ARI,DE,0,UMAP_KMEANS.UMAP_KMEANS_0.16,1,UMAP_KMEANS,0.16
ARI,DE,0,UMAP_KMEANS.UMAP_KMEANS_0.165,1,UMAP_KMEANS,0.165
ARI,DE,0,UMAP_KMEANS.UMAP_KMEANS_0.17,1,UMAP_KMEANS,0.17
ARI,DE,0,UMAP_KMEANS.UMAP_KMEANS_0.175,1,UMAP_KMEANS,0.175
ARI,DE,0,UMAP_KMEANS.UMAP_KMEANS_0.18,1,UMAP_KMEANS,0.18
ARI,DE,0,UMAP_KMEANS.UMAP_KMEANS_0.185,1,UMAP_KMEANS,0.185
ARI,DE,0,UMAP_KMEANS.UMAP_KMEANS_0.19,1,UMAP_KMEANS,0.19
ARI,DE,0,UMAP_KMEANS.UMAP_KMEANS_0.195,1,UMAP_KMEANS,0.195
ARI,DE,0,UMAP_KMEANS.UMAP_KMEANS_0.2,1,UMAP_KMEANS,0.2
ARI,DE,0,UMAP_KMEANS.UMAP_KMEANS_0.205,1,UMAP_KMEANS,0.205
ARI,DE,0,UMAP_KMEANS.UMAP_KMEANS_0.21,1,UMAP_KMEANS,0.21
ARI,DE,0,UMAP_KMEANS.UMAP_KMEANS_0.215,1,UMAP_KMEANS,0.215
ARI,DE,0,UMAP_KMEANS.UMAP_KMEANS_0.22,1,UMAP_KMEANS,0.22
ARI,DE,0,UMAP_KMEANS.UMAP_KMEANS_0.225,1,UMAP_KMEANS,0.225
ARI,DE,0,UMAP_KMEANS.UMAP_KMEANS_0.23,1,UMAP_KMEANS,0.23
ARI,DE,0,UMAP_KMEANS.UMAP_KMEANS_0.235,1,UMAP_KMEANS,0.235
ARI,DE,0,UMAP_KMEANS.UMAP_KMEANS_0.24,1,UMAP_KMEANS,0.24
ARI,DE,0,UMAP_KMEANS.UMAP_KMEANS_0.245,1,UMAP_KMEANS,0.245
ARI,DE,0,UMAP_KMEANS.UMAP_KMEANS_0.25,1,UMAP_KMEANS,0.25
ARI,DE,0,UMAP_KMEANS.UMAP_KMEANS_0.255,1,UMAP_KMEANS,0.255
ARI,DE,0,UMAP_KMEANS.UMAP_KMEANS_0.26,1,UMAP_KMEANS,0.26
ARI,DE,0,UMAP_KMEANS.UMAP_KMEANS_0.265,1,UMAP_KMEANS,0.265
ARI,DE,0,UMAP_KMEANS.UMAP_KMEANS_0.27,1,UMAP_KMEANS,0.27
ARI,DE,0,UMAP_KMEANS.UMAP_KMEANS_0.275,1,UMAP_KMEANS,0.275
ARI,DE,0,UMAP_KMEANS.UMAP_KMEANS_0.28,1,UMAP_KMEANS,0.28
ARI,DE,0,UMAP_KMEANS.UMAP_KMEANS_0.285,1,UMAP_KMEANS,0.285
ARI,DE,0,UMAP_KMEANS.UMAP_KMEANS_0.29,1,UMAP_KMEANS,0.29
ARI,DE,0,UMAP_KMEANS.UMAP_KMEANS_0.295,1,UMAP_KMEANS,0.295
ARI,DE,0,UMAP_KMEANS.UMAP_KMEANS_0.3,1,UMAP_KMEANS,0.3
ARI,DE,0.7610807442963243,TSNE_KMEANS.TSNE_KMEANS_0,40,TSNE_KMEANS,0
ARI,DE,0.8087486453923372,TSNE_KMEANS.TSNE_KMEANS_0.005,31,TSNE_KMEANS,0.005
ARI,DE,0.8496219728662933,TSNE_KMEANS.TSNE_KMEANS_0.01,26,TSNE_KMEANS,0.01
ARI,DE,0.8496219728662933,TSNE_KMEANS.TSNE_KMEANS_0.015,26,TSNE_KMEANS,0.015
ARI,DE,0.8496219728662933,TSNE_KMEANS.TSNE_KMEANS_0.02,26,TSNE_KMEANS,0.02
ARI,DE,0.8496219728662933,TSNE_KMEANS.TSNE_KMEANS_0.025,26,TSNE_KMEANS,0.025
ARI,DE,0.8496219728662933,TSNE_KMEANS.TSNE_KMEANS_0.03,26,TSNE_KMEANS,0.03
ARI,DE,0.8496219728662933,TSNE_KMEANS.TSNE_KMEANS_0.035,26,TSNE_KMEANS,0.035
ARI,DE,0.8496219728662933,TSNE_KMEANS.TSNE_KMEANS_0.04,26,TSNE_KMEANS,0.04
ARI,DE,0.8496219728662933,TSNE_KMEANS.TSNE_KMEANS_0.045,26,TSNE_KMEANS,0.045
ARI,DE,0.8496219728662933,TSNE_KMEANS.TSNE_KMEANS_0.05,26,TSNE_KMEANS,0.05
ARI,DE,0.8496219728662933,TSNE_KMEANS.TSNE_KMEANS_0.055,26,TSNE_KMEANS,0.055
ARI,DE,0.8241684965293007,TSNE_KMEANS.TSNE_KMEANS_0.06,25,TSNE_KMEANS,0.06
ARI,DE,0.6837819813553876,TSNE_KMEANS.TSNE_KMEANS_0.065,18,TSNE_KMEANS,0.065
ARI,DE,0.6015245582079968,TSNE_KMEANS.TSNE_KMEANS_0.07,16,TSNE_KMEANS,0.07
ARI,DE,0.6015245582079968,TSNE_KMEANS.TSNE_KMEANS_0.075,16,TSNE_KMEANS,0.075
ARI,DE,0.6015245582079968,TSNE_KMEANS.TSNE_KMEANS_0.08,16,TSNE_KMEANS,0.08
ARI,DE,0.6015245582079968,TSNE_KMEANS.TSNE_KMEANS_0.085,16,TSNE_KMEANS,0.085
ARI,DE,0.6015245582079968,TSNE_KMEANS.TSNE_KMEANS_0.09,16,TSNE_KMEANS,0.09
ARI,DE,0.04445922896368748,TSNE_KMEANS.TSNE_KMEANS_0.095,4,TSNE_KMEANS,0.095
ARI,DE,0.04445922896368748,TSNE_KMEANS.TSNE_KMEANS_0.1,4,TSNE_KMEANS,0.1
ARI,DE,0.04445922896368748,TSNE_KMEANS.TSNE_KMEANS_0.105,4,TSNE_KMEANS,0.105
ARI,DE,0.04445922896368748,TSNE_KMEANS.TSNE_KMEANS_0.11,4,TSNE_KMEANS,0.11
ARI,DE,0.04445922896368748,TSNE_KMEANS.TSNE_KMEANS_0.115,4,TSNE_KMEANS,0.115
ARI,DE,0,TSNE_KMEANS.TSNE_KMEANS_0.12,1,TSNE_KMEANS,0.12
ARI,DE,0,TSNE_KMEANS.TSNE_KMEANS_0.125,1,TSNE_KMEANS,0.125
ARI,DE,0,TSNE_KMEANS.TSNE_KMEANS_0.13,1,TSNE_KMEANS,0.13
ARI,DE,0,TSNE_KMEANS.TSNE_KMEANS_0.135,1,TSNE_KMEANS,0.135
ARI,DE,0,TSNE_KMEANS.TSNE_KMEANS_0.14,1,TSNE_KMEANS,0.14
ARI,DE,0,TSNE_KMEANS.TSNE_KMEANS_0.145,1,TSNE_KMEANS,0.145
ARI,DE,0,TSNE_KMEANS.TSNE_KMEANS_0.15,1,TSNE_KMEANS,0.15
ARI,DE,0,TSNE_KMEANS.TSNE_KMEANS_0.155,1,TSNE_KMEANS,0.155
ARI,DE,0,TSNE_KMEANS.TSNE_KMEANS_0.16,1,TSNE_KMEANS,0.16
ARI,DE,0,TSNE_KMEANS.TSNE_KMEANS_0.165,1,TSNE_KMEANS,0.165
ARI,DE,0,TSNE_KMEANS.TSNE_KMEANS_0.17,1,TSNE_KMEANS,0.17
ARI,DE,0,TSNE_KMEANS.TSNE_KMEANS_0.175,1,TSNE_KMEANS,0.175
ARI,DE,0,TSNE_KMEANS.TSNE_KMEANS_0.18,1,TSNE_KMEANS,0.18
ARI,DE,0,TSNE_KMEANS.TSNE_KMEANS_0.185,1,TSNE_KMEANS,0.185
ARI,DE,0,TSNE_KMEANS.TSNE_KMEANS_0.19,1,TSNE_KMEANS,0.19
ARI,DE,0,TSNE_KMEANS.TSNE_KMEANS_0.195,1,TSNE_KMEANS,0.195
ARI,DE,0,TSNE_KMEANS.TSNE_KMEANS_0.2,1,TSNE_KMEANS,0.2
ARI,DE,0,TSNE_KMEANS.TSNE_KMEANS_0.205,1,TSNE_KMEANS,0.205
ARI,DE,0,TSNE_KMEANS.TSNE_KMEANS_0.21,1,TSNE_KMEANS,0.21
ARI,DE,0,TSNE_KMEANS.TSNE_KMEANS_0.215,1,TSNE_KMEANS,0.215
ARI,DE,0,TSNE_KMEANS.TSNE_KMEANS_0.22,1,TSNE_KMEANS,0.22
ARI,DE,0,TSNE_KMEANS.TSNE_KMEANS_0.225,1,TSNE_KMEANS,0.225
ARI,DE,0,TSNE_KMEANS.TSNE_KMEANS_0.23,1,TSNE_KMEANS,0.23
ARI,DE,0,TSNE_KMEANS.TSNE_KMEANS_0.235,1,TSNE_KMEANS,0.235
ARI,DE,0,TSNE_KMEANS.TSNE_KMEANS_0.24,1,TSNE_KMEANS,0.24
ARI,DE,0,TSNE_KMEANS.TSNE_KMEANS_0.245,1,TSNE_KMEANS,0.245
ARI,DE,0,TSNE_KMEANS.TSNE_KMEANS_0.25,1,TSNE_KMEANS,0.25
ARI,DE,0,TSNE_KMEANS.TSNE_KMEANS_0.255,1,TSNE_KMEANS,0.255
ARI,DE,0,TSNE_KMEANS.TSNE_KMEANS_0.26,1,TSNE_KMEANS,0.26
ARI,DE,0,TSNE_KMEANS.TSNE_KMEANS_0.265,1,TSNE_KMEANS,0.265
ARI,DE,0,TSNE_KMEANS.TSNE_KMEANS_0.27,1,TSNE_KMEANS,0.27
ARI,DE,0,TSNE_KMEANS.TSNE_KMEANS_0.275,1,TSNE_KMEANS,0.275
ARI,DE,0,TSNE_KMEANS.TSNE_KMEANS_0.28,1,TSNE_KMEANS,0.28
ARI,DE,0,TSNE_KMEANS.TSNE_KMEANS_0.285,1,TSNE_KMEANS,0.285
ARI,DE,0,TSNE_KMEANS.TSNE_KMEANS_0.29,1,TSNE_KMEANS,0.29
ARI,DE,0,TSNE_KMEANS.TSNE_KMEANS_0.295,1,TSNE_KMEANS,0.295
ARI,DE,0,TSNE_KMEANS.TSNE_KMEANS_0.3,1,TSNE_KMEANS,0.3
ARI,Dist,0.01470445828700776,SC3.SC3_35,5,SC3,35
ARI,Dist,0.014904807196378683,SC3.SC3_34,6,SC3,34
ARI,Dist,0.014904874536844998,SC3.SC3_33,7,SC3,33
ARI,Dist,0.021110399059633495,SC3.SC3_32,8,SC3,32
ARI,Dist,0.021110702476228146,SC3.SC3_31,9,SC3,31
ARI,Dist,0.021110996412953043,SC3.SC3_30,10,SC3,30
ARI,Dist,0.028117684613095516,SC3.SC3_29,11,SC3,29
ARI,Dist,0.03645585007710586,SC3.SC3_28,12,SC3,28
ARI,Dist,0.03645616430424305,SC3.SC3_27,13,SC3,27
ARI,Dist,0.05378977061321639,SC3.SC3_26,14,SC3,26
ARI,Dist,0.07588653619062476,SC3.SC3_25,15,SC3,25
ARI,Dist,0.07588708667178003,SC3.SC3_24,16,SC3,24
ARI,Dist,0.11836431303600745,SC3.SC3_23,17,SC3,23
ARI,Dist,0.12051328330679069,SC3.SC3_22,18,SC3,22
ARI,Dist,0.12051473251473446,SC3.SC3_21,19,SC3,21
ARI,Dist,0.1215375339104515,SC3.SC3_20,20,SC3,20
ARI,Dist,0.12256629351801263,SC3.SC3_19,21,SC3,19
ARI,Dist,0.16458731059925977,SC3.SC3_18,22,SC3,18
ARI,Dist,0.19272538328564015,SC3.SC3_17,23,SC3,17
ARI,Dist,0.22276248634169676,SC3.SC3_16,24,SC3,16
ARI,Dist,0.22529831589247212,SC3.SC3_15,25,SC3,15
ARI,Dist,0.22530241481574342,SC3.SC3_14,26,SC3,14
ARI,Dist,0.3687076439098737,SC3.SC3_13,27,SC3,13
ARI,Dist,0.42374729782254467,SC3.SC3_12,28,SC3,12
ARI,Dist,0.4548130021637339,SC3.SC3_11,29,SC3,11
ARI,Dist,0.46322560431808696,SC3.SC3_10,30,SC3,10
ARI,Dist,0.5363122882539093,SC3.SC3_9,31,SC3,9
ARI,Dist,0.710412447167616,SC3.SC3_8,32,SC3,8
ARI,Dist,0.797478306687006,SC3.SC3_7,33,SC3,7
ARI,Dist,0.8216114598856558,SC3.SC3_6,34,SC3,6
ARI,Dist,0.8723434247422985,SC3.SC3_5,35,SC3,5
ARI,Dist,0.8984676506426983,SC3.SC3_4,36,SC3,4
ARI,Dist,0.9301337804595724,SC3.SC3_3,37,SC3,3
ARI,Dist,0.9627408696364177,SC3.SC3_2,38,SC3,2
ARI,Dist,0.9923027968692053,SC3.SC3_1,39,SC3,1
ARI,Dist,0.9924157248339023,SC3.SC3_0,40,SC3,0
ARI,Dist,0.021524469936282122,UMAP_KMEANS.UMAP_KMEANS_35,5,UMAP_KMEANS,35
ARI,Dist,0.02852943277717675,UMAP_KMEANS.UMAP_KMEANS_34,6,UMAP_KMEANS,34
ARI,Dist,0.05310152849768981,UMAP_KMEANS.UMAP_KMEANS_33,7,UMAP_KMEANS,33
ARI,Dist,0.054013654809192645,UMAP_KMEANS.UMAP_KMEANS_32,8,UMAP_KMEANS,32
ARI,Dist,0.06547517047465116,UMAP_KMEANS.UMAP_KMEANS_31,9,UMAP_KMEANS,31
ARI,Dist,0.07957012383167074,UMAP_KMEANS.UMAP_KMEANS_30,10,UMAP_KMEANS,30
ARI,Dist,0.12564936012564784,UMAP_KMEANS.UMAP_KMEANS_29,11,UMAP_KMEANS,29
ARI,Dist,0.14495099296218314,UMAP_KMEANS.UMAP_KMEANS_28,12,UMAP_KMEANS,28
ARI,Dist,0.14634953765391245,UMAP_KMEANS.UMAP_KMEANS_27,13,UMAP_KMEANS,27
ARI,Dist,0.14927577760989047,UMAP_KMEANS.UMAP_KMEANS_26,14,UMAP_KMEANS,26
ARI,Dist,0.1741273628863546,UMAP_KMEANS.UMAP_KMEANS_25,15,UMAP_KMEANS,25
ARI,Dist,0.20201569169062425,UMAP_KMEANS.UMAP_KMEANS_24,16,UMAP_KMEANS,24
ARI,Dist,0.23022878058229057,UMAP_KMEANS.UMAP_KMEANS_23,17,UMAP_KMEANS,23
ARI,Dist,0.23323454738604915,UMAP_KMEANS.UMAP_KMEANS_22,18,UMAP_KMEANS,22
ARI,Dist,0.2728117346289898,UMAP_KMEANS.UMAP_KMEANS_21,19,UMAP_KMEANS,21
ARI,Dist,0.357171679998153,UMAP_KMEANS.UMAP_KMEANS_20,20,UMAP_KMEANS,20
ARI,Dist,0.41503247528492393,UMAP_KMEANS.UMAP_KMEANS_19,21,UMAP_KMEANS,19
ARI,Dist,0.48086256804651867,UMAP_KMEANS.UMAP_KMEANS_18,22,UMAP_KMEANS,18
ARI,Dist,0.489122185632856,UMAP_KMEANS.UMAP_KMEANS_17,23,UMAP_KMEANS,17
ARI,Dist,0.5660436848991864,UMAP_KMEANS.UMAP_KMEANS_16,24,UMAP_KMEANS,16
ARI,Dist,0.559832507033432,UMAP_KMEANS.UMAP_KMEANS_15,25,UMAP_KMEANS,15
ARI,Dist,0.719197964224635,UMAP_KMEANS.UMAP_KMEANS_14,26,UMAP_KMEANS,14
ARI,Dist,0.7159862302124607,UMAP_KMEANS.UMAP_KMEANS_13,27,UMAP_KMEANS,13
ARI,Dist,0.8421263847156595,UMAP_KMEANS.UMAP_KMEANS_12,28,UMAP_KMEANS,12
ARI,Dist,0.8340046913548834,UMAP_KMEANS.UMAP_KMEANS_11,29,UMAP_KMEANS,11
ARI,Dist,0.8295722997322422,UMAP_KMEANS.UMAP_KMEANS_10,30,UMAP_KMEANS,10
ARI,Dist,0.8218714617044947,UMAP_KMEANS.UMAP_KMEANS_9,31,UMAP_KMEANS,9
ARI,Dist,0.8194895199894636,UMAP_KMEANS.UMAP_KMEANS_8,32,UMAP_KMEANS,8
ARI,Dist,0.8166586085385321,UMAP_KMEANS.UMAP_KMEANS_7,33,UMAP_KMEANS,7
ARI,Dist,0.8056231355617113,UMAP_KMEANS.UMAP_KMEANS_6,34,UMAP_KMEANS,6
ARI,Dist,0.798374548737743,UMAP_KMEANS.UMAP_KMEANS_5,35,UMAP_KMEANS,5
ARI,Dist,0.7942809072758125,UMAP_KMEANS.UMAP_KMEANS_4,36,UMAP_KMEANS,4
ARI,Dist,0.787474546582974,UMAP_KMEANS.UMAP_KMEANS_3,37,UMAP_KMEANS,3
ARI,Dist,0.7781433405600943,UMAP_KMEANS.UMAP_KMEANS_2,38,UMAP_KMEANS,2
ARI,Dist,0.7694435404394057,UMAP_KMEANS.UMAP_KMEANS_1,39,UMAP_KMEANS,1
ARI,Dist,0.7585936377360104,UMAP_KMEANS.UMAP_KMEANS_0,40,UMAP_KMEANS,0
ARI,Dist,0.04489940560750902,TSNE_KMEANS.TSNE_KMEANS_35,5,TSNE_KMEANS,35
ARI,Dist,0.053905609113389534,TSNE_KMEANS.TSNE_KMEANS_34,6,TSNE_KMEANS,34
ARI,Dist,0.07533889566707946,TSNE_KMEANS.TSNE_KMEANS_33,7,TSNE_KMEANS,33
ARI,Dist,0.07758338555504898,TSNE_KMEANS.TSNE_KMEANS_32,8,TSNE_KMEANS,32
ARI,Dist,0.09310974194082955,TSNE_KMEANS.TSNE_KMEANS_31,9,TSNE_KMEANS,31
ARI,Dist,0.09388433344492847,TSNE_KMEANS.TSNE_KMEANS_30,10,TSNE_KMEANS,30
ARI,Dist,0.10733864729048648,TSNE_KMEANS.TSNE_KMEANS_29,11,TSNE_KMEANS,29
ARI,Dist,0.14469376283456323,TSNE_KMEANS.TSNE_KMEANS_28,12,TSNE_KMEANS,28
ARI,Dist,0.1474910048898805,TSNE_KMEANS.TSNE_KMEANS_27,13,TSNE_KMEANS,27
ARI,Dist,0.19759806563098312,TSNE_KMEANS.TSNE_KMEANS_26,14,TSNE_KMEANS,26
ARI,Dist,0.19983263268583837,TSNE_KMEANS.TSNE_KMEANS_25,15,TSNE_KMEANS,25
ARI,Dist,0.20212148981811584,TSNE_KMEANS.TSNE_KMEANS_24,16,TSNE_KMEANS,24
ARI,Dist,0.2668026250426154,TSNE_KMEANS.TSNE_KMEANS_23,17,TSNE_KMEANS,23
ARI,Dist,0.26187079952256603,TSNE_KMEANS.TSNE_KMEANS_22,18,TSNE_KMEANS,22
ARI,Dist,0.26543773411038557,TSNE_KMEANS.TSNE_KMEANS_21,19,TSNE_KMEANS,21
ARI,Dist,0.341754068815696,TSNE_KMEANS.TSNE_KMEANS_20,20,TSNE_KMEANS,20
ARI,Dist,0.3467652591788231,TSNE_KMEANS.TSNE_KMEANS_19,21,TSNE_KMEANS,19
ARI,Dist,0.350953680966327,TSNE_KMEANS.TSNE_KMEANS_18,22,TSNE_KMEANS,18
ARI,Dist,0.46883265508915456,TSNE_KMEANS.TSNE_KMEANS_17,23,TSNE_KMEANS,17
ARI,Dist,0.47872415345737424,TSNE_KMEANS.TSNE_KMEANS_16,24,TSNE_KMEANS,16
ARI,Dist,0.6207997668105998,TSNE_KMEANS.TSNE_KMEANS_15,25,TSNE_KMEANS,15
ARI,Dist,0.7058889105019165,TSNE_KMEANS.TSNE_KMEANS_14,26,TSNE_KMEANS,14
ARI,Dist,0.6990269516636325,TSNE_KMEANS.TSNE_KMEANS_13,27,TSNE_KMEANS,13
ARI,Dist,0.6916436424075098,TSNE_KMEANS.TSNE_KMEANS_12,28,TSNE_KMEANS,12
ARI,Dist,0.6907676607560969,TSNE_KMEANS.TSNE_KMEANS_11,29,TSNE_KMEANS,11
ARI,Dist,0.8244633206523733,TSNE_KMEANS.TSNE_KMEANS_10,30,TSNE_KMEANS,10
ARI,Dist,0.8166629730599817,TSNE_KMEANS.TSNE_KMEANS_9,31,TSNE_KMEANS,9
ARI,Dist,0.8077937909745128,TSNE_KMEANS.TSNE_KMEANS_8,32,TSNE_KMEANS,8
ARI,Dist,0.8024431659531231,TSNE_KMEANS.TSNE_KMEANS_7,33,TSNE_KMEANS,7
ARI,Dist,0.7926678556674228,TSNE_KMEANS.TSNE_KMEANS_6,34,TSNE_KMEANS,6
ARI,Dist,0.7901192567150326,TSNE_KMEANS.TSNE_KMEANS_5,35,TSNE_KMEANS,5
ARI,Dist,0.7849969152613744,TSNE_KMEANS.TSNE_KMEANS_4,36,TSNE_KMEANS,4
ARI,Dist,0.7806868347828791,TSNE_KMEANS.TSNE_KMEANS_3,37,TSNE_KMEANS,3
ARI,Dist,0.7760518413567254,TSNE_KMEANS.TSNE_KMEANS_2,38,TSNE_KMEANS,2
ARI,Dist,0.7717051805272199,TSNE_KMEANS.TSNE_KMEANS_1,39,TSNE_KMEANS,1
ARI,Dist,0.7610807442963243,TSNE_KMEANS.TSNE_KMEANS_0,40,TSNE_KMEANS,0
ARI,param,0.6718432089938245,NA,20,SC3,NA
ARI,param,0.8047959560666684,NA,25,SC3,NA
ARI,param,1,NA,30,SC3,NA
ARI,param,0.9972414693772865,NA,35,SC3,NA
ARI,param,0.9924157248339023,NA,40,SC3,NA
ARI,param,0.9859015594004754,NA,45,SC3,NA
ARI,param,0.9787527011282404,NA,50,SC3,NA
ARI,param,0.6671984234662685,NA,20,UMAP_KMEANS,NA
ARI,param,0.7301246055583013,NA,25,UMAP_KMEANS,NA
ARI,param,0.6517107742691179,NA,30,UMAP_KMEANS,NA
ARI,param,0.702559578685136,NA,35,UMAP_KMEANS,NA
ARI,param,0.7585936377360104,NA,40,UMAP_KMEANS,NA
ARI,param,0.6903704793641812,NA,45,UMAP_KMEANS,NA
ARI,param,0.8686649261419993,NA,50,UMAP_KMEANS,NA
ARI,param,0.6324790880227389,NA,20,TSNE_KMEANS,NA
ARI,param,0.6477858576774898,NA,25,TSNE_KMEANS,NA
ARI,param,0.8170091081198962,NA,30,TSNE_KMEANS,NA
ARI,param,0.7784141132991204,NA,35,TSNE_KMEANS,NA
ARI,param,0.7610807442963243,NA,40,TSNE_KMEANS,NA
ARI,param,0.8423528787250371,NA,45,TSNE_KMEANS,NA
ARI,param,0.7619068407573735,NA,50,TSNE_KMEANS,NA
NMI,Dune,0.9933234333340506,SC3.00,40,SC3,0
NMI,Dune,0.9321232387984919,UMAP_KMEANS.00,40,UMAP_KMEANS,0
NMI,Dune,0.9327729772698655,TSNE_KMEANS.00,40,TSNE_KMEANS,0
NMI,Dune,0.9933234333340506,SC3.05,40,SC3,5
NMI,Dune,0.9354471284295659,UMAP_KMEANS.05,39,UMAP_KMEANS,5
NMI,Dune,0.9360851228468726,TSNE_KMEANS.05,39,TSNE_KMEANS,5
NMI,Dune,0.9933234333340506,SC3.10,40,SC3,10
NMI,Dune,0.9414240234516514,UMAP_KMEANS.10,37,UMAP_KMEANS,10
NMI,Dune,0.9360851228468726,TSNE_KMEANS.10,39,TSNE_KMEANS,10
NMI,Dune,0.98604113795873,SC3.15,39,SC3,15
NMI,Dune,0.9414240234516514,UMAP_KMEANS.15,37,UMAP_KMEANS,15
NMI,Dune,0.9317395072262367,TSNE_KMEANS.15,38,TSNE_KMEANS,15
NMI,Dune,0.98604113795873,SC3.20,39,SC3,20
NMI,Dune,0.9414240234516514,UMAP_KMEANS.20,37,UMAP_KMEANS,20
NMI,Dune,0.9320470025516978,TSNE_KMEANS.20,37,TSNE_KMEANS,20
NMI,Dune,0.98604113795873,SC3.25,39,SC3,25
NMI,Dune,0.9414240234516514,UMAP_KMEANS.25,37,UMAP_KMEANS,25
NMI,Dune,0.9337405263053242,TSNE_KMEANS.25,36,TSNE_KMEANS,25
NMI,Dune,0.9788951264968572,SC3.30,38,SC3,30
NMI,Dune,0.9441260636224041,UMAP_KMEANS.30,36,UMAP_KMEANS,30
NMI,Dune,0.9337405263053242,TSNE_KMEANS.30,36,TSNE_KMEANS,30
NMI,Dune,0.9699733364762392,SC3.35,37,SC3,35
NMI,Dune,0.9441260636224041,UMAP_KMEANS.35,36,UMAP_KMEANS,35
NMI,Dune,0.926966458162508,TSNE_KMEANS.35,35,TSNE_KMEANS,35
NMI,Dune,0.9699733364762392,SC3.40,37,SC3,40
NMI,Dune,0.9441260636224041,UMAP_KMEANS.40,36,UMAP_KMEANS,40
NMI,Dune,0.926966458162508,TSNE_KMEANS.40,35,TSNE_KMEANS,40
NMI,Dune,0.9699733364762392,SC3.45,37,SC3,45
NMI,Dune,0.9473310643842708,UMAP_KMEANS.45,35,UMAP_KMEANS,45
NMI,Dune,0.93015348998185865,TSNE_KMEANS.45,34,TSNE_KMEANS,45
NMI,Dune,0.9699733364762392,SC3.50,37,SC3,50
NMI,Dune,0.9521531276942055,UMAP_KMEANS.50,33,UMAP_KMEANS,50
NMI,Dune,0.9353747978058515,TSNE_KMEANS.50,32,TSNE_KMEANS,50
NMI,Dune,0.9630278982959309,SC3.55,36,SC3,55
NMI,Dune,0.9521531276942055,UMAP_KMEANS.55,33,UMAP_KMEANS,55
NMI,Dune,0.9405823121625578,TSNE_KMEANS.55,30,TSNE_KMEANS,55
NMI,Dune,0.9630278982959309,SC3.60,36,SC3,60
NMI,Dune,0.9521531276942055,UMAP_KMEANS.60,33,UMAP_KMEANS,60
NMI,Dune,0.9368621659662443,TSNE_KMEANS.60,28,TSNE_KMEANS,60
NMI,Dune,0.9630278982959309,SC3.65,36,SC3,65
NMI,Dune,0.9521531276942055,UMAP_KMEANS.65,33,UMAP_KMEANS,65
NMI,Dune,0.9385348747145088,TSNE_KMEANS.65,27,TSNE_KMEANS,65
NMI,Dune,0.9630278982959309,SC3.70,36,SC3,70
NMI,Dune,0.9631480552344491,UMAP_KMEANS.70,28,UMAP_KMEANS,70
NMI,Dune,0.9385348747145088,TSNE_KMEANS.70,27,TSNE_KMEANS,70
NMI,Dune,0.9630278982959309,SC3.75,36,SC3,75
NMI,Dune,0.9694762323232275,UMAP_KMEANS.75,26,UMAP_KMEANS,75
NMI,Dune,0.9452138964225631,TSNE_KMEANS.75,24,TSNE_KMEANS,75
NMI,Dune,0.9555672178487183,SC3.80,35,SC3,80
NMI,Dune,0.961982328731181,UMAP_KMEANS.80,25,UMAP_KMEANS,80
NMI,Dune,0.9472143457363112,TSNE_KMEANS.80,23,TSNE_KMEANS,80
NMI,Dune,0.9555672178487183,SC3.85,35,SC3,85
NMI,Dune,0.961982328731181,UMAP_KMEANS.85,25,UMAP_KMEANS,85
NMI,Dune,0.9472143457363112,TSNE_KMEANS.85,23,TSNE_KMEANS,85
NMI,Dune,0.9482148550148924,SC3.90,34,SC3,90
NMI,Dune,0.9546174394381491,UMAP_KMEANS.90,24,UMAP_KMEANS,90
NMI,Dune,0.9472143457363112,TSNE_KMEANS.90,23,TSNE_KMEANS,90
NMI,Dune,0.9411823074385804,SC3.95,33,SC3,95
NMI,Dune,0.9474203904238052,UMAP_KMEANS.95,23,UMAP_KMEANS,95
NMI,Dune,0.9472143457363112,TSNE_KMEANS.95,23,TSNE_KMEANS,95
NMI,Dune,0.9438490912264561,SC3.100,24,SC3,100
NMI,Dune,0.9474203904238052,UMAP_KMEANS.100,23,UMAP_KMEANS,100
NMI,Dune,0.9472143457363112,TSNE_KMEANS.100,23,TSNE_KMEANS,100
NMI,Dune_NMI,0.9933234333340506,SC3.00,40,SC3,0
NMI,Dune_NMI,0.9321232387984919,UMAP_KMEANS.00,40,UMAP_KMEANS,0
NMI,Dune_NMI,0.9327729772698655,TSNE_KMEANS.00,40,TSNE_KMEANS,0
NMI,Dune_NMI,0.9933234333340506,SC3.05,40,SC3,5
NMI,Dune_NMI,0.9354471284295659,UMAP_KMEANS.05,39,UMAP_KMEANS,5
NMI,Dune_NMI,0.9360851228468726,TSNE_KMEANS.05,39,TSNE_KMEANS,5
NMI,Dune_NMI,0.9933234333340506,SC3.10,40,SC3,10
NMI,Dune_NMI,0.9354471284295659,UMAP_KMEANS.10,39,UMAP_KMEANS,10
NMI,Dune_NMI,0.9392412404156738,TSNE_KMEANS.10,38,TSNE_KMEANS,10
NMI,Dune_NMI,0.9933234333340506,SC3.15,40,SC3,15
NMI,Dune_NMI,0.9385933775214385,UMAP_KMEANS.15,38,UMAP_KMEANS,15
NMI,Dune_NMI,0.9392412404156738,TSNE_KMEANS.15,38,TSNE_KMEANS,15
NMI,Dune_NMI,0.9933234333340506,SC3.20,40,SC3,20
NMI,Dune_NMI,0.9416234460972421,UMAP_KMEANS.20,37,UMAP_KMEANS,20
NMI,Dune_NMI,0.9392412404156738,TSNE_KMEANS.20,38,TSNE_KMEANS,20
NMI,Dune_NMI,0.9933234333340506,SC3.25,40,SC3,25
NMI,Dune_NMI,0.948132425980802,UMAP_KMEANS.25,35,UMAP_KMEANS,25
NMI,Dune_NMI,0.9392412404156738,TSNE_KMEANS.25,38,TSNE_KMEANS,25
NMI,Dune_NMI,0.9933234333340506,SC3.30,40,SC3,30
NMI,Dune_NMI,0.9508731678216902,UMAP_KMEANS.30,34,UMAP_KMEANS,30
NMI,Dune_NMI,0.9392412404156738,TSNE_KMEANS.30,38,TSNE_KMEANS,30
NMI,Dune_NMI,0.9933234333340506,SC3.35,40,SC3,35
NMI,Dune_NMI,0.9532811956572396,UMAP_KMEANS.35,33,UMAP_KMEANS,35
NMI,Dune_NMI,0.9392412404156738,TSNE_KMEANS.35,38,TSNE_KMEANS,35
NMI,Dune_NMI,0.9933234333340506,SC3.40,40,SC3,40
NMI,Dune_NMI,0.9557314507312299,UMAP_KMEANS.40,32,UMAP_KMEANS,40
NMI,Dune_NMI,0.9416074107847585,TSNE_KMEANS.40,37,TSNE_KMEANS,40
NMI,Dune_NMI,0.9933234333340506,SC3.45,40,SC3,45
NMI,Dune_NMI,0.9557314507312299,UMAP_KMEANS.45,32,UMAP_KMEANS,45
NMI,Dune_NMI,0.9444109972868513,TSNE_KMEANS.45,36,TSNE_KMEANS,45
NMI,Dune_NMI,0.9933234333340506,SC3.50,40,SC3,50
NMI,Dune_NMI,0.9557314507312299,UMAP_KMEANS.50,32,UMAP_KMEANS,50
NMI,Dune_NMI,0.9499560147067426,TSNE_KMEANS.50,34,TSNE_KMEANS,50
NMI,Dune_NMI,0.9933234333340506,SC3.55,40,SC3,55
NMI,Dune_NMI,0.9557314507312299,UMAP_KMEANS.55,32,UMAP_KMEANS,55
NMI,Dune_NMI,0.9523227242029764,TSNE_KMEANS.55,33,TSNE_KMEANS,55
NMI,Dune_NMI,0.9933234333340506,SC3.60,40,SC3,60
NMI,Dune_NMI,0.958010913402694,UMAP_KMEANS.60,31,UMAP_KMEANS,60
NMI,Dune_NMI,0.9551718749179174,TSNE_KMEANS.60,32,TSNE_KMEANS,60
NMI,Dune_NMI,0.9933234333340506,SC3.65,40,SC3,65
NMI,Dune_NMI,0.9607427721240402,UMAP_KMEANS.65,30,UMAP_KMEANS,65
NMI,Dune_NMI,0.9551718749179174,TSNE_KMEANS.65,32,TSNE_KMEANS,65
NMI,Dune_NMI,0.9933234333340506,SC3.70,40,SC3,70
NMI,Dune_NMI,0.9607427721240402,UMAP_KMEANS.70,30,UMAP_KMEANS,70
NMI,Dune_NMI,0.9604315324160931,TSNE_KMEANS.70,30,TSNE_KMEANS,70
NMI,Dune_NMI,0.9933234333340506,SC3.75,40,SC3,75
NMI,Dune_NMI,0.9627081264914528,UMAP_KMEANS.75,29,UMAP_KMEANS,75
NMI,Dune_NMI,0.9604315324160931,TSNE_KMEANS.75,30,TSNE_KMEANS,75
NMI,Dune_NMI,0.9933234333340506,SC3.80,40,SC3,80
NMI,Dune_NMI,0.9678280260909977,UMAP_KMEANS.80,27,UMAP_KMEANS,80
NMI,Dune_NMI,0.9604315324160931,TSNE_KMEANS.80,30,TSNE_KMEANS,80
NMI,Dune_NMI,0.9933234333340506,SC3.85,40,SC3,85
NMI,Dune_NMI,0.9678280260909977,UMAP_KMEANS.85,27,UMAP_KMEANS,85
NMI,Dune_NMI,0.9646883718481198,TSNE_KMEANS.85,28,TSNE_KMEANS,85
NMI,Dune_NMI,0.9933234333340506,SC3.90,40,SC3,90
NMI,Dune_NMI,0.9678280260909977,UMAP_KMEANS.90,27,UMAP_KMEANS,90
NMI,Dune_NMI,0.9671244036126323,TSNE_KMEANS.90,27,TSNE_KMEANS,90
NMI,Dune_NMI,0.9933234333340506,SC3.95,40,SC3,95
NMI,Dune_NMI,0.9694762323232275,UMAP_KMEANS.95,26,UMAP_KMEANS,95
NMI,Dune_NMI,0.9691286186704754,TSNE_KMEANS.95,26,TSNE_KMEANS,95
NMI,Dune_NMI,0.9963410820005345,SC3.100,31,SC3,100
NMI,Dune_NMI,0.9694762323232275,UMAP_KMEANS.100,26,UMAP_KMEANS,100
NMI,Dune_NMI,0.9691286186704754,TSNE_KMEANS.100,26,TSNE_KMEANS,100
NMI,DE,0.9933234333340506,SC3.SC3_0,40,SC3,0
NMI,DE,0.9929509929449706,SC3.SC3_0.005,39,SC3,0.005
NMI,DE,0.991973720639559,SC3.SC3_0.01,31,SC3,0.01
NMI,DE,0.991973720639559,SC3.SC3_0.015,31,SC3,0.015
NMI,DE,0.991973720639559,SC3.SC3_0.02,31,SC3,0.02
NMI,DE,0.991973720639559,SC3.SC3_0.025,31,SC3,0.025
NMI,DE,0.991973720639559,SC3.SC3_0.03,31,SC3,0.03
NMI,DE,0.991973720639559,SC3.SC3_0.035,31,SC3,0.035
NMI,DE,0.991973720639559,SC3.SC3_0.04,31,SC3,0.04
NMI,DE,0.991973720639559,SC3.SC3_0.045,31,SC3,0.045
NMI,DE,0.991973720639559,SC3.SC3_0.05,31,SC3,0.05
NMI,DE,0.991973720639559,SC3.SC3_0.055,31,SC3,0.055
NMI,DE,0.991973720639559,SC3.SC3_0.06,31,SC3,0.06
NMI,DE,0.9504710502950806,SC3.SC3_0.065,25,SC3,0.065
NMI,DE,0.9097264282383287,SC3.SC3_0.07,20,SC3,0.07
NMI,DE,0.9097264282383287,SC3.SC3_0.075,20,SC3,0.075
NMI,DE,0.898589025679469,SC3.SC3_0.08,19,SC3,0.08
NMI,DE,0.864717399954766,SC3.SC3_0.085,17,SC3,0.085
NMI,DE,0.864717399954766,SC3.SC3_0.09,17,SC3,0.09
NMI,DE,0.864717399954766,SC3.SC3_0.095,17,SC3,0.095
NMI,DE,0.864717399954766,SC3.SC3_0.1,17,SC3,0.1
NMI,DE,0.864717399954766,SC3.SC3_0.105,17,SC3,0.105
NMI,DE,0.7907863972297059,SC3.SC3_0.11,14,SC3,0.11
NMI,DE,0,SC3.SC3_0.115,1,SC3,0.115
NMI,DE,0,SC3.SC3_0.12,1,SC3,0.12
NMI,DE,0,SC3.SC3_0.125,1,SC3,0.125
NMI,DE,0,SC3.SC3_0.13,1,SC3,0.13
NMI,DE,0,SC3.SC3_0.135,1,SC3,0.135
NMI,DE,0,SC3.SC3_0.14,1,SC3,0.14
NMI,DE,0,SC3.SC3_0.145,1,SC3,0.145
NMI,DE,0,SC3.SC3_0.15,1,SC3,0.15
NMI,DE,0,SC3.SC3_0.155,1,SC3,0.155
NMI,DE,0,SC3.SC3_0.16,1,SC3,0.16
NMI,DE,0,SC3.SC3_0.165,1,SC3,0.165
NMI,DE,0,SC3.SC3_0.17,1,SC3,0.17
NMI,DE,0,SC3.SC3_0.175,1,SC3,0.175
NMI,DE,0,SC3.SC3_0.18,1,SC3,0.18
NMI,DE,0,SC3.SC3_0.185,1,SC3,0.185
NMI,DE,0,SC3.SC3_0.19,1,SC3,0.19
NMI,DE,0,SC3.SC3_0.195,1,SC3,0.195
NMI,DE,0,SC3.SC3_0.2,1,SC3,0.2
NMI,DE,0,SC3.SC3_0.205,1,SC3,0.205
NMI,DE,0,SC3.SC3_0.21,1,SC3,0.21
NMI,DE,0,SC3.SC3_0.215,1,SC3,0.215
NMI,DE,0,SC3.SC3_0.22,1,SC3,0.22
NMI,DE,0,SC3.SC3_0.225,1,SC3,0.225
NMI,DE,0,SC3.SC3_0.23,1,SC3,0.23
NMI,DE,0,SC3.SC3_0.235,1,SC3,0.235
NMI,DE,0,SC3.SC3_0.24,1,SC3,0.24
NMI,DE,0,SC3.SC3_0.245,1,SC3,0.245
NMI,DE,0,SC3.SC3_0.25,1,SC3,0.25
NMI,DE,0,SC3.SC3_0.255,1,SC3,0.255
NMI,DE,0,SC3.SC3_0.26,1,SC3,0.26
NMI,DE,0,SC3.SC3_0.265,1,SC3,0.265
NMI,DE,0,SC3.SC3_0.27,1,SC3,0.27
NMI,DE,0,SC3.SC3_0.275,1,SC3,0.275
NMI,DE,0,SC3.SC3_0.28,1,SC3,0.28
NMI,DE,0,SC3.SC3_0.285,1,SC3,0.285
NMI,DE,0,SC3.SC3_0.29,1,SC3,0.29
NMI,DE,0,SC3.SC3_0.295,1,SC3,0.295
NMI,DE,0,SC3.SC3_0.3,1,SC3,0.3
NMI,DE,0.9321232387984919,UMAP_KMEANS.UMAP_KMEANS_0,40,UMAP_KMEANS,0
NMI,DE,0.9585557595090276,UMAP_KMEANS.UMAP_KMEANS_0.005,30,UMAP_KMEANS,0.005
NMI,DE,0.9694762323232275,UMAP_KMEANS.UMAP_KMEANS_0.01,26,UMAP_KMEANS,0.01
NMI,DE,0.9694762323232275,UMAP_KMEANS.UMAP_KMEANS_0.015,26,UMAP_KMEANS,0.015
NMI,DE,0.9694762323232275,UMAP_KMEANS.UMAP_KMEANS_0.02,26,UMAP_KMEANS,0.02
NMI,DE,0.9694762323232275,UMAP_KMEANS.UMAP_KMEANS_0.025,26,UMAP_KMEANS,0.025
NMI,DE,0.9694762323232275,UMAP_KMEANS.UMAP_KMEANS_0.03,26,UMAP_KMEANS,0.03
NMI,DE,0.9694762323232275,UMAP_KMEANS.UMAP_KMEANS_0.035,26,UMAP_KMEANS,0.035
NMI,DE,0.9694762323232275,UMAP_KMEANS.UMAP_KMEANS_0.04,26,UMAP_KMEANS,0.04
NMI,DE,0.9694762323232275,UMAP_KMEANS.UMAP_KMEANS_0.045,26,UMAP_KMEANS,0.045
NMI,DE,0.9694762323232275,UMAP_KMEANS.UMAP_KMEANS_0.05,26,UMAP_KMEANS,0.05
NMI,DE,0.9694762323232275,UMAP_KMEANS.UMAP_KMEANS_0.055,26,UMAP_KMEANS,0.055
NMI,DE,0.9516935817591157,UMAP_KMEANS.UMAP_KMEANS_0.06,24,UMAP_KMEANS,0.06
NMI,DE,0.9265526712765584,UMAP_KMEANS.UMAP_KMEANS_0.065,21,UMAP_KMEANS,0.065
NMI,DE,0.9265526712765584,UMAP_KMEANS.UMAP_KMEANS_0.07,21,UMAP_KMEANS,0.07
NMI,DE,0.9265526712765584,UMAP_KMEANS.UMAP_KMEANS_0.075,21,UMAP_KMEANS,0.075
NMI,DE,0.9265526712765584,UMAP_KMEANS.UMAP_KMEANS_0.08,21,UMAP_KMEANS,0.08
NMI,DE,0,UMAP_KMEANS.UMAP_KMEANS_0.085,1,UMAP_KMEANS,0.085
NMI,DE,0,UMAP_KMEANS.UMAP_KMEANS_0.09,1,UMAP_KMEANS,0.09
NMI,DE,0,UMAP_KMEANS.UMAP_KMEANS_0.095,1,UMAP_KMEANS,0.095
NMI,DE,0,UMAP_KMEANS.UMAP_KMEANS_0.1,1,UMAP_KMEANS,0.1
NMI,DE,0,UMAP_KMEANS.UMAP_KMEANS_0.105,1,UMAP_KMEANS,0.105
NMI,DE,0,UMAP_KMEANS.UMAP_KMEANS_0.11,1,UMAP_KMEANS,0.11
NMI,DE,0,UMAP_KMEANS.UMAP_KMEANS_0.115,1,UMAP_KMEANS,0.115
NMI,DE,0,UMAP_KMEANS.UMAP_KMEANS_0.12,1,UMAP_KMEANS,0.12
NMI,DE,0,UMAP_KMEANS.UMAP_KMEANS_0.125,1,UMAP_KMEANS,0.125
NMI,DE,0,UMAP_KMEANS.UMAP_KMEANS_0.13,1,UMAP_KMEANS,0.13
NMI,DE,0,UMAP_KMEANS.UMAP_KMEANS_0.135,1,UMAP_KMEANS,0.135
NMI,DE,0,UMAP_KMEANS.UMAP_KMEANS_0.14,1,UMAP_KMEANS,0.14
NMI,DE,0,UMAP_KMEANS.UMAP_KMEANS_0.145,1,UMAP_KMEANS,0.145
NMI,DE,0,UMAP_KMEANS.UMAP_KMEANS_0.15,1,UMAP_KMEANS,0.15
NMI,DE,0,UMAP_KMEANS.UMAP_KMEANS_0.155,1,UMAP_KMEANS,0.155
NMI,DE,0,UMAP_KMEANS.UMAP_KMEANS_0.16,1,UMAP_KMEANS,0.16
NMI,DE,0,UMAP_KMEANS.UMAP_KMEANS_0.165,1,UMAP_KMEANS,0.165
NMI,DE,0,UMAP_KMEANS.UMAP_KMEANS_0.17,1,UMAP_KMEANS,0.17
NMI,DE,0,UMAP_KMEANS.UMAP_KMEANS_0.175,1,UMAP_KMEANS,0.175
NMI,DE,0,UMAP_KMEANS.UMAP_KMEANS_0.18,1,UMAP_KMEANS,0.18
NMI,DE,0,UMAP_KMEANS.UMAP_KMEANS_0.185,1,UMAP_KMEANS,0.185
NMI,DE,0,UMAP_KMEANS.UMAP_KMEANS_0.19,1,UMAP_KMEANS,0.19
NMI,DE,0,UMAP_KMEANS.UMAP_KMEANS_0.195,1,UMAP_KMEANS,0.195
NMI,DE,0,UMAP_KMEANS.UMAP_KMEANS_0.2,1,UMAP_KMEANS,0.2
NMI,DE,0,UMAP_KMEANS.UMAP_KMEANS_0.205,1,UMAP_KMEANS,0.205
NMI,DE,0,UMAP_KMEANS.UMAP_KMEANS_0.21,1,UMAP_KMEANS,0.21
NMI,DE,0,UMAP_KMEANS.UMAP_KMEANS_0.215,1,UMAP_KMEANS,0.215
NMI,DE,0,UMAP_KMEANS.UMAP_KMEANS_0.22,1,UMAP_KMEANS,0.22
NMI,DE,0,UMAP_KMEANS.UMAP_KMEANS_0.225,1,UMAP_KMEANS,0.225
NMI,DE,0,UMAP_KMEANS.UMAP_KMEANS_0.23,1,UMAP_KMEANS,0.23
NMI,DE,0,UMAP_KMEANS.UMAP_KMEANS_0.235,1,UMAP_KMEANS,0.235
NMI,DE,0,UMAP_KMEANS.UMAP_KMEANS_0.24,1,UMAP_KMEANS,0.24
NMI,DE,0,UMAP_KMEANS.UMAP_KMEANS_0.245,1,UMAP_KMEANS,0.245
NMI,DE,0,UMAP_KMEANS.UMAP_KMEANS_0.25,1,UMAP_KMEANS,0.25
NMI,DE,0,UMAP_KMEANS.UMAP_KMEANS_0.255,1,UMAP_KMEANS,0.255
NMI,DE,0,UMAP_KMEANS.UMAP_KMEANS_0.26,1,UMAP_KMEANS,0.26
NMI,DE,0,UMAP_KMEANS.UMAP_KMEANS_0.265,1,UMAP_KMEANS,0.265
NMI,DE,0,UMAP_KMEANS.UMAP_KMEANS_0.27,1,UMAP_KMEANS,0.27
NMI,DE,0,UMAP_KMEANS.UMAP_KMEANS_0.275,1,UMAP_KMEANS,0.275
NMI,DE,0,UMAP_KMEANS.UMAP_KMEANS_0.28,1,UMAP_KMEANS,0.28
NMI,DE,0,UMAP_KMEANS.UMAP_KMEANS_0.285,1,UMAP_KMEANS,0.285
NMI,DE,0,UMAP_KMEANS.UMAP_KMEANS_0.29,1,UMAP_KMEANS,0.29
NMI,DE,0,UMAP_KMEANS.UMAP_KMEANS_0.295,1,UMAP_KMEANS,0.295
NMI,DE,0,UMAP_KMEANS.UMAP_KMEANS_0.3,1,UMAP_KMEANS,0.3
NMI,DE,0.9327729772698655,TSNE_KMEANS.TSNE_KMEANS_0,40,TSNE_KMEANS,0
NMI,DE,0.9534758307570661,TSNE_KMEANS.TSNE_KMEANS_0.005,31,TSNE_KMEANS,0.005
NMI,DE,0.9691286186704754,TSNE_KMEANS.TSNE_KMEANS_0.01,26,TSNE_KMEANS,0.01
NMI,DE,0.9691286186704754,TSNE_KMEANS.TSNE_KMEANS_0.015,26,TSNE_KMEANS,0.015
NMI,DE,0.9691286186704754,TSNE_KMEANS.TSNE_KMEANS_0.02,26,TSNE_KMEANS,0.02
NMI,DE,0.9691286186704754,TSNE_KMEANS.TSNE_KMEANS_0.025,26,TSNE_KMEANS,0.025
NMI,DE,0.9691286186704754,TSNE_KMEANS.TSNE_KMEANS_0.03,26,TSNE_KMEANS,0.03
NMI,DE,0.9691286186704754,TSNE_KMEANS.TSNE_KMEANS_0.035,26,TSNE_KMEANS,0.035
NMI,DE,0.9691286186704754,TSNE_KMEANS.TSNE_KMEANS_0.04,26,TSNE_KMEANS,0.04
NMI,DE,0.9691286186704754,TSNE_KMEANS.TSNE_KMEANS_0.045,26,TSNE_KMEANS,0.045
NMI,DE,0.9691286186704754,TSNE_KMEANS.TSNE_KMEANS_0.05,26,TSNE_KMEANS,0.05
NMI,DE,0.9691286186704754,TSNE_KMEANS.TSNE_KMEANS_0.055,26,TSNE_KMEANS,0.055
NMI,DE,0.9617583212285715,TSNE_KMEANS.TSNE_KMEANS_0.06,25,TSNE_KMEANS,0.06
NMI,DE,0.9082794319916584,TSNE_KMEANS.TSNE_KMEANS_0.065,18,TSNE_KMEANS,0.065
NMI,DE,0.882416773652279,TSNE_KMEANS.TSNE_KMEANS_0.07,16,TSNE_KMEANS,0.07
NMI,DE,0.882416773652279,TSNE_KMEANS.TSNE_KMEANS_0.075,16,TSNE_KMEANS,0.075
NMI,DE,0.882416773652279,TSNE_KMEANS.TSNE_KMEANS_0.08,16,TSNE_KMEANS,0.08
NMI,DE,0.882416773652279,TSNE_KMEANS.TSNE_KMEANS_0.085,16,TSNE_KMEANS,0.085
NMI,DE,0.882416773652279,TSNE_KMEANS.TSNE_KMEANS_0.09,16,TSNE_KMEANS,0.09
NMI,DE,0.3728074419056995,TSNE_KMEANS.TSNE_KMEANS_0.095,4,TSNE_KMEANS,0.095
NMI,DE,0.3728074419056995,TSNE_KMEANS.TSNE_KMEANS_0.1,4,TSNE_KMEANS,0.1
NMI,DE,0.3728074419056995,TSNE_KMEANS.TSNE_KMEANS_0.105,4,TSNE_KMEANS,0.105
NMI,DE,0.3728074419056995,TSNE_KMEANS.TSNE_KMEANS_0.11,4,TSNE_KMEANS,0.11
NMI,DE,0.3728074419056995,TSNE_KMEANS.TSNE_KMEANS_0.115,4,TSNE_KMEANS,0.115
NMI,DE,0,TSNE_KMEANS.TSNE_KMEANS_0.12,1,TSNE_KMEANS,0.12
NMI,DE,0,TSNE_KMEANS.TSNE_KMEANS_0.125,1,TSNE_KMEANS,0.125
NMI,DE,0,TSNE_KMEANS.TSNE_KMEANS_0.13,1,TSNE_KMEANS,0.13
NMI,DE,0,TSNE_KMEANS.TSNE_KMEANS_0.135,1,TSNE_KMEANS,0.135
NMI,DE,0,TSNE_KMEANS.TSNE_KMEANS_0.14,1,TSNE_KMEANS,0.14
NMI,DE,0,TSNE_KMEANS.TSNE_KMEANS_0.145,1,TSNE_KMEANS,0.145
NMI,DE,0,TSNE_KMEANS.TSNE_KMEANS_0.15,1,TSNE_KMEANS,0.15
NMI,DE,0,TSNE_KMEANS.TSNE_KMEANS_0.155,1,TSNE_KMEANS,0.155
NMI,DE,0,TSNE_KMEANS.TSNE_KMEANS_0.16,1,TSNE_KMEANS,0.16
NMI,DE,0,TSNE_KMEANS.TSNE_KMEANS_0.165,1,TSNE_KMEANS,0.165
NMI,DE,0,TSNE_KMEANS.TSNE_KMEANS_0.17,1,TSNE_KMEANS,0.17
NMI,DE,0,TSNE_KMEANS.TSNE_KMEANS_0.175,1,TSNE_KMEANS,0.175
NMI,DE,0,TSNE_KMEANS.TSNE_KMEANS_0.18,1,TSNE_KMEANS,0.18
NMI,DE,0,TSNE_KMEANS.TSNE_KMEANS_0.185,1,TSNE_KMEANS,0.185
NMI,DE,0,TSNE_KMEANS.TSNE_KMEANS_0.19,1,TSNE_KMEANS,0.19
NMI,DE,0,TSNE_KMEANS.TSNE_KMEANS_0.195,1,TSNE_KMEANS,0.195
NMI,DE,0,TSNE_KMEANS.TSNE_KMEANS_0.2,1,TSNE_KMEANS,0.2
NMI,DE,0,TSNE_KMEANS.TSNE_KMEANS_0.205,1,TSNE_KMEANS,0.205
NMI,DE,0,TSNE_KMEANS.TSNE_KMEANS_0.21,1,TSNE_KMEANS,0.21
NMI,DE,0,TSNE_KMEANS.TSNE_KMEANS_0.215,1,TSNE_KMEANS,0.215
NMI,DE,0,TSNE_KMEANS.TSNE_KMEANS_0.22,1,TSNE_KMEANS,0.22
NMI,DE,0,TSNE_KMEANS.TSNE_KMEANS_0.225,1,TSNE_KMEANS,0.225
NMI,DE,0,TSNE_KMEANS.TSNE_KMEANS_0.23,1,TSNE_KMEANS,0.23
NMI,DE,0,TSNE_KMEANS.TSNE_KMEANS_0.235,1,TSNE_KMEANS,0.235
NMI,DE,0,TSNE_KMEANS.TSNE_KMEANS_0.24,1,TSNE_KMEANS,0.24
NMI,DE,0,TSNE_KMEANS.TSNE_KMEANS_0.245,1,TSNE_KMEANS,0.245
NMI,DE,0,TSNE_KMEANS.TSNE_KMEANS_0.25,1,TSNE_KMEANS,0.25
NMI,DE,0,TSNE_KMEANS.TSNE_KMEANS_0.255,1,TSNE_KMEANS,0.255
NMI,DE,0,TSNE_KMEANS.TSNE_KMEANS_0.26,1,TSNE_KMEANS,0.26
NMI,DE,0,TSNE_KMEANS.TSNE_KMEANS_0.265,1,TSNE_KMEANS,0.265
NMI,DE,0,TSNE_KMEANS.TSNE_KMEANS_0.27,1,TSNE_KMEANS,0.27
NMI,DE,0,TSNE_KMEANS.TSNE_KMEANS_0.275,1,TSNE_KMEANS,0.275
NMI,DE,0,TSNE_KMEANS.TSNE_KMEANS_0.28,1,TSNE_KMEANS,0.28
NMI,DE,0,TSNE_KMEANS.TSNE_KMEANS_0.285,1,TSNE_KMEANS,0.285
NMI,DE,0,TSNE_KMEANS.TSNE_KMEANS_0.29,1,TSNE_KMEANS,0.29
NMI,DE,0,TSNE_KMEANS.TSNE_KMEANS_0.295,1,TSNE_KMEANS,0.295
NMI,DE,0,TSNE_KMEANS.TSNE_KMEANS_0.3,1,TSNE_KMEANS,0.3
NMI,Dist,0.19942423495465905,SC3.SC3_35,5,SC3,35
NMI,Dist,0.21970486590714708,SC3.SC3_34,6,SC3,34
NMI,Dist,0.21997871413564837,SC3.SC3_33,7,SC3,33
NMI,Dist,0.28254579167311966,SC3.SC3_32,8,SC3,32
NMI,Dist,0.28293236308674863,SC3.SC3_31,9,SC3,31
NMI,Dist,0.28331606610854476,SC3.SC3_30,10,SC3,30
NMI,Dist,0.341864348468332,SC3.SC3_29,11,SC3,29
NMI,Dist,0.3986457513785131,SC3.SC3_28,12,SC3,28
NMI,Dist,0.3991741060277233,SC3.SC3_27,13,SC3,27
NMI,Dist,0.4780550792066871,SC3.SC3_26,14,SC3,26
NMI,Dist,0.5489655900542436,SC3.SC3_25,15,SC3,25
NMI,Dist,0.5492471199489418,SC3.SC3_24,16,SC3,24
NMI,Dist,0.6294032291397713,SC3.SC3_23,17,SC3,23
NMI,Dist,0.6463921082869909,SC3.SC3_22,18,SC3,22
NMI,Dist,0.6467121515770752,SC3.SC3_21,19,SC3,21
NMI,Dist,0.6582943906089225,SC3.SC3_20,20,SC3,20
NMI,Dist,0.6696881684524036,SC3.SC3_19,21,SC3,19
NMI,Dist,0.7205306143383222,SC3.SC3_18,22,SC3,18
NMI,Dist,0.7501878008336119,SC3.SC3_17,23,SC3,17
NMI,Dist,0.7763629175265748,SC3.SC3_16,24,SC3,16
NMI,Dist,0.7860813871340556,SC3.SC3_15,25,SC3,15
NMI,Dist,0.7863741192199296,SC3.SC3_14,26,SC3,14
NMI,Dist,0.8410096195972235,SC3.SC3_13,27,SC3,13
NMI,Dist,0.8615109462805804,SC3.SC3_12,28,SC3,12
NMI,Dist,0.8784824952738562,SC3.SC3_11,29,SC3,11
NMI,Dist,0.8867657330913228,SC3.SC3_10,30,SC3,10
NMI,Dist,0.9052043130566664,SC3.SC3_9,31,SC3,9
NMI,Dist,0.9322759632358838,SC3.SC3_8,32,SC3,8
NMI,Dist,0.947759985965567,SC3.SC3_7,33,SC3,7
NMI,Dist,0.9552234200003211,SC3.SC3_6,34,SC3,6
NMI,Dist,0.9652447840978606,SC3.SC3_5,35,SC3,5
NMI,Dist,0.9721606565059976,SC3.SC3_4,36,SC3,4
NMI,Dist,0.9794510027894879,SC3.SC3_3,37,SC3,3
NMI,Dist,0.9865158602711517,SC3.SC3_2,38,SC3,2
NMI,Dist,0.9929509929449706,SC3.SC3_1,39,SC3,1
NMI,Dist,0.9933234333340506,SC3.SC3_0,40,SC3,0
NMI,Dist,0.2866366651267513,UMAP_KMEANS.UMAP_KMEANS_35,5,UMAP_KMEANS,35
NMI,Dist,0.3456418696459465,UMAP_KMEANS.UMAP_KMEANS_34,6,UMAP_KMEANS,34
NMI,Dist,0.45971544760965294,UMAP_KMEANS.UMAP_KMEANS_33,7,UMAP_KMEANS,33
NMI,Dist,0.481259178093412,UMAP_KMEANS.UMAP_KMEANS_32,8,UMAP_KMEANS,32
NMI,Dist,0.5277487079330161,UMAP_KMEANS.UMAP_KMEANS_31,9,UMAP_KMEANS,31
NMI,Dist,0.5733949748331718,UMAP_KMEANS.UMAP_KMEANS_30,10,UMAP_KMEANS,30
NMI,Dist,0.6538052761467005,UMAP_KMEANS.UMAP_KMEANS_29,11,UMAP_KMEANS,29
NMI,Dist,0.6854419180182986,UMAP_KMEANS.UMAP_KMEANS_28,12,UMAP_KMEANS,28
NMI,Dist,0.6969757836804918,UMAP_KMEANS.UMAP_KMEANS_27,13,UMAP_KMEANS,27
NMI,Dist,0.7126936129319792,UMAP_KMEANS.UMAP_KMEANS_26,14,UMAP_KMEANS,26
NMI,Dist,0.7428677733816431,UMAP_KMEANS.UMAP_KMEANS_25,15,UMAP_KMEANS,25
NMI,Dist,0.7705514425535464,UMAP_KMEANS.UMAP_KMEANS_24,16,UMAP_KMEANS,24
NMI,Dist,0.7942790086740799,UMAP_KMEANS.UMAP_KMEANS_23,17,UMAP_KMEANS,23
NMI,Dist,0.8044993573192928,UMAP_KMEANS.UMAP_KMEANS_22,18,UMAP_KMEANS,22
NMI,Dist,0.8295290680452011,UMAP_KMEANS.UMAP_KMEANS_21,19,UMAP_KMEANS,21
NMI,Dist,0.8635496277294273,UMAP_KMEANS.UMAP_KMEANS_20,20,UMAP_KMEANS,20
NMI,Dist,0.8840769610863383,UMAP_KMEANS.UMAP_KMEANS_19,21,UMAP_KMEANS,19
NMI,Dist,0.9031248589558852,UMAP_KMEANS.UMAP_KMEANS_18,22,UMAP_KMEANS,18
NMI,Dist,0.9107694091030194,UMAP_KMEANS.UMAP_KMEANS_17,23,UMAP_KMEANS,17
NMI,Dist,0.9282699431999009,UMAP_KMEANS.UMAP_KMEANS_16,24,UMAP_KMEANS,16
NMI,Dist,0.9253357870239817,UMAP_KMEANS.UMAP_KMEANS_15,25,UMAP_KMEANS,15
NMI,Dist,0.9491415990188878,UMAP_KMEANS.UMAP_KMEANS_14,26,UMAP_KMEANS,14
NMI,Dist,0.947505840707987,UMAP_KMEANS.UMAP_KMEANS_13,27,UMAP_KMEANS,13
NMI,Dist,0.9648910812546694,UMAP_KMEANS.UMAP_KMEANS_12,28,UMAP_KMEANS,12
NMI,Dist,0.9616515632966921,UMAP_KMEANS.UMAP_KMEANS_11,29,UMAP_KMEANS,11
NMI,Dist,0.9593902375463109,UMAP_KMEANS.UMAP_KMEANS_10,30,UMAP_KMEANS,10
NMI,Dist,0.9563089528933318,UMAP_KMEANS.UMAP_KMEANS_9,31,UMAP_KMEANS,9
NMI,Dist,0.9546158144033784,UMAP_KMEANS.UMAP_KMEANS_8,32,UMAP_KMEANS,8
NMI,Dist,0.9527750210208438,UMAP_KMEANS.UMAP_KMEANS_7,33,UMAP_KMEANS,7
NMI,Dist,0.9492187606998956,UMAP_KMEANS.UMAP_KMEANS_6,34,UMAP_KMEANS,6
NMI,Dist,0.9464487159090115,UMAP_KMEANS.UMAP_KMEANS_5,35,UMAP_KMEANS,5
NMI,Dist,0.9443266327836499,UMAP_KMEANS.UMAP_KMEANS_4,36,UMAP_KMEANS,4
NMI,Dist,0.9416234460972421,UMAP_KMEANS.UMAP_KMEANS_3,37,UMAP_KMEANS,3
NMI,Dist,0.9384568843597696,UMAP_KMEANS.UMAP_KMEANS_2,38,UMAP_KMEANS,2
NMI,Dist,0.9354471284295659,UMAP_KMEANS.UMAP_KMEANS_1,39,UMAP_KMEANS,1
NMI,Dist,0.9321232387984919,UMAP_KMEANS.UMAP_KMEANS_0,40,UMAP_KMEANS,0
NMI,Dist,0.39135494322526626,TSNE_KMEANS.TSNE_KMEANS_35,5,TSNE_KMEANS,35
NMI,Dist,0.4396053787298117,TSNE_KMEANS.TSNE_KMEANS_34,6,TSNE_KMEANS,34
NMI,Dist,0.5142722702669236,TSNE_KMEANS.TSNE_KMEANS_33,7,TSNE_KMEANS,33
NMI,Dist,0.5401718868471288,TSNE_KMEANS.TSNE_KMEANS_32,8,TSNE_KMEANS,32
NMI,Dist,0.5839220042598797,TSNE_KMEANS.TSNE_KMEANS_31,9,TSNE_KMEANS,31
NMI,Dist,0.5970673013800402,TSNE_KMEANS.TSNE_KMEANS_30,10,TSNE_KMEANS,30
NMI,Dist,0.6295414040156363,TSNE_KMEANS.TSNE_KMEANS_29,11,TSNE_KMEANS,29
NMI,Dist,0.6853285890535444,TSNE_KMEANS.TSNE_KMEANS_28,12,TSNE_KMEANS,28
NMI,Dist,0.7011340353574843,TSNE_KMEANS.TSNE_KMEANS_27,13,TSNE_KMEANS,27
NMI,Dist,0.7496510051245077,TSNE_KMEANS.TSNE_KMEANS_26,14,TSNE_KMEANS,26
NMI,Dist,0.7602829735815262,TSNE_KMEANS.TSNE_KMEANS_25,15,TSNE_KMEANS,25
NMI,Dist,0.7707768362019886,TSNE_KMEANS.TSNE_KMEANS_24,16,TSNE_KMEANS,24
NMI,Dist,0.8111253972646764,TSNE_KMEANS.TSNE_KMEANS_23,17,TSNE_KMEANS,23
NMI,Dist,0.8078882404971854,TSNE_KMEANS.TSNE_KMEANS_22,18,TSNE_KMEANS,22
NMI,Dist,0.817588002821622,TSNE_KMEANS.TSNE_KMEANS_21,19,TSNE_KMEANS,21
NMI,Dist,0.8506494817670395,TSNE_KMEANS.TSNE_KMEANS_20,20,TSNE_KMEANS,20
NMI,Dist,0.8592685599215695,TSNE_KMEANS.TSNE_KMEANS_19,21,TSNE_KMEANS,19
NMI,Dist,0.8669522412294368,TSNE_KMEANS.TSNE_KMEANS_18,22,TSNE_KMEANS,18
NMI,Dist,0.898343650271004,TSNE_KMEANS.TSNE_KMEANS_17,23,TSNE_KMEANS,17
NMI,Dist,0.9068240116898797,TSNE_KMEANS.TSNE_KMEANS_16,24,TSNE_KMEANS,16
NMI,Dist,0.9325572194484442,TSNE_KMEANS.TSNE_KMEANS_15,25,TSNE_KMEANS,15
NMI,Dist,0.9476081250911907,TSNE_KMEANS.TSNE_KMEANS_14,26,TSNE_KMEANS,14
NMI,Dist,0.9446812436171279,TSNE_KMEANS.TSNE_KMEANS_13,27,TSNE_KMEANS,13
NMI,Dist,0.9416201094982619,TSNE_KMEANS.TSNE_KMEANS_12,28,TSNE_KMEANS,12
NMI,Dist,0.9405507196950648,TSNE_KMEANS.TSNE_KMEANS_11,29,TSNE_KMEANS,11
NMI,Dist,0.9587036792317405,TSNE_KMEANS.TSNE_KMEANS_10,30,TSNE_KMEANS,10
NMI,Dist,0.9556859183726546,TSNE_KMEANS.TSNE_KMEANS_9,31,TSNE_KMEANS,9
NMI,Dist,0.9524185079544512,TSNE_KMEANS.TSNE_KMEANS_8,32,TSNE_KMEANS,8
NMI,Dist,0.9499656958789915,TSNE_KMEANS.TSNE_KMEANS_7,33,TSNE_KMEANS,7
NMI,Dist,0.9466812730435672,TSNE_KMEANS.TSNE_KMEANS_6,34,TSNE_KMEANS,6
NMI,Dist,0.9449963110173861,TSNE_KMEANS.TSNE_KMEANS_5,35,TSNE_KMEANS,5
NMI,Dist,0.9426130995812109,TSNE_KMEANS.TSNE_KMEANS_4,36,TSNE_KMEANS,4
NMI,Dist,0.940458898375778,TSNE_KMEANS.TSNE_KMEANS_3,37,TSNE_KMEANS,3
NMI,Dist,0.9382277769000645,TSNE_KMEANS.TSNE_KMEANS_2,38,TSNE_KMEANS,2
NMI,Dist,0.9360851228468726,TSNE_KMEANS.TSNE_KMEANS_1,39,TSNE_KMEANS,1
NMI,Dist,0.9327729772698655,TSNE_KMEANS.TSNE_KMEANS_0,40,TSNE_KMEANS,0
NMI,param,0.917185406555917,NA,20,SC3,NA
NMI,param,0.9603109175987353,NA,25,SC3,NA
NMI,param,1,NA,30,SC3,NA
NMI,param,0.9975764959482355,NA,35,SC3,NA
NMI,param,0.9933234333340506,NA,40,SC3,NA
NMI,param,0.9888070017083785,NA,45,SC3,NA
NMI,param,0.9836320597174248,NA,50,SC3,NA
NMI,param,0.9087418383560361,NA,20,UMAP_KMEANS,NA
NMI,param,0.9291335836311924,NA,25,UMAP_KMEANS,NA
NMI,param,0.8976891737161962,NA,30,UMAP_KMEANS,NA
NMI,param,0.9144472571072366,NA,35,UMAP_KMEANS,NA
NMI,param,0.9321232387984919,NA,40,UMAP_KMEANS,NA
NMI,param,0.9060213650663747,NA,45,UMAP_KMEANS,NA
NMI,param,0.9495707141330111,NA,50,UMAP_KMEANS,NA
NMI,param,0.895035553320555,NA,20,TSNE_KMEANS,NA
NMI,param,0.9197209771353303,NA,25,TSNE_KMEANS,NA
NMI,param,0.9510132869291358,NA,30,TSNE_KMEANS,NA
NMI,param,0.9355188998760053,NA,35,TSNE_KMEANS,NA
NMI,param,0.9327729772698655,NA,40,TSNE_KMEANS,NA
NMI,param,0.94764003016892,NA,45,TSNE_KMEANS,NA
NMI,param,0.9286985930337651,NA,50,TSNE_KMEANS,NA
SL,Dune,0.642583630193816,SC3.00,40,SC3,0
SL,Dune,0.3679086078247483,UMAP_KMEANS.00,40,UMAP_KMEANS,0
SL,Dune,0.4033421127630525,TSNE_KMEANS.00,40,TSNE_KMEANS,0
SL,Dune,0.642583630193816,SC3.05,40,SC3,5
SL,Dune,0.4003908894114601,UMAP_KMEANS.05,39,UMAP_KMEANS,5
SL,Dune,0.43674949796947216,TSNE_KMEANS.05,39,TSNE_KMEANS,5
SL,Dune,0.642583630193816,SC3.10,40,SC3,10
SL,Dune,0.4328103198110934,UMAP_KMEANS.10,37,UMAP_KMEANS,10
SL,Dune,0.43674949796947216,TSNE_KMEANS.10,39,TSNE_KMEANS,10
SL,Dune,0.5881935342840671,SC3.15,39,SC3,15
SL,Dune,0.4328103198110934,UMAP_KMEANS.15,37,UMAP_KMEANS,15
SL,Dune,0.4183531699869761,TSNE_KMEANS.15,38,TSNE_KMEANS,15
SL,Dune,0.5881935342840671,SC3.20,39,SC3,20
SL,Dune,0.4328103198110934,UMAP_KMEANS.20,37,UMAP_KMEANS,20
SL,Dune,0.41303052740924523,TSNE_KMEANS.20,37,TSNE_KMEANS,20
SL,Dune,0.5881935342840671,SC3.25,39,SC3,25
SL,Dune,0.4328103198110934,UMAP_KMEANS.25,37,UMAP_KMEANS,25
SL,Dune,0.4366734225727281,TSNE_KMEANS.25,36,TSNE_KMEANS,25
SL,Dune,0.5037268147219115,SC3.30,38,SC3,30
SL,Dune,0.46039089265997857,UMAP_KMEANS.30,36,UMAP_KMEANS,30
SL,Dune,0.4366734225727281,TSNE_KMEANS.30,36,TSNE_KMEANS,30
SL,Dune,0.45211767803662156,SC3.35,37,SC3,35
SL,Dune,0.46039089265997857,UMAP_KMEANS.35,36,UMAP_KMEANS,35
SL,Dune,0.3517097375638316,TSNE_KMEANS.35,35,TSNE_KMEANS,35
SL,Dune,0.45211767803662156,SC3.40,37,SC3,40
SL,Dune,0.46039089265997857,UMAP_KMEANS.40,36,UMAP_KMEANS,40
SL,Dune,0.3517097375638316,TSNE_KMEANS.40,35,TSNE_KMEANS,40
SL,Dune,0.45211767803662156,SC3.45,37,SC3,45
SL,Dune,0.49145625003637877,UMAP_KMEANS.45,35,UMAP_KMEANS,45
SL,Dune,0.38343566828762227,TSNE_KMEANS.45,34,TSNE_KMEANS,45
SL,Dune,0.45211767803662156,SC3.50,37,SC3,50
SL,Dune,0.5224631200688162,UMAP_KMEANS.50,33,UMAP_KMEANS,50
SL,Dune,0.41736568869506196,TSNE_KMEANS.50,32,TSNE_KMEANS,50
SL,Dune,0.3885211768934443,SC3.55,36,SC3,55
SL,Dune,0.5224631200688162,UMAP_KMEANS.55,33,UMAP_KMEANS,55
SL,Dune,0.44999761768912905,TSNE_KMEANS.55,30,TSNE_KMEANS,55
SL,Dune,0.3885211768934443,SC3.60,36,SC3,60
SL,Dune,0.5224631200688162,UMAP_KMEANS.60,33,UMAP_KMEANS,60
SL,Dune,0.41423236503990907,TSNE_KMEANS.60,28,TSNE_KMEANS,60
SL,Dune,0.3885211768934443,SC3.65,36,SC3,65
SL,Dune,0.5224631200688162,UMAP_KMEANS.65,33,UMAP_KMEANS,65
SL,Dune,0.4035664921447563,TSNE_KMEANS.65,27,TSNE_KMEANS,65
SL,Dune,0.3885211768934443,SC3.70,36,SC3,70
SL,Dune,0.5896552731532305,UMAP_KMEANS.70,28,UMAP_KMEANS,70
SL,Dune,0.4035664921447563,TSNE_KMEANS.70,27,TSNE_KMEANS,70
SL,Dune,0.3885211768934443,SC3.75,36,SC3,75
SL,Dune,0.6589902780806427,UMAP_KMEANS.75,26,UMAP_KMEANS,75
SL,Dune,0.40446103974997866,TSNE_KMEANS.75,24,TSNE_KMEANS,75
SL,Dune,0.3035441518703399,SC3.80,35,SC3,80
SL,Dune,0.5702397468205272,UMAP_KMEANS.80,25,UMAP_KMEANS,80
SL,Dune,0.4424613448013114,TSNE_KMEANS.80,23,TSNE_KMEANS,80
SL,Dune,0.3035441518703399,SC3.85,35,SC3,85
SL,Dune,0.5702397468205272,UMAP_KMEANS.85,25,UMAP_KMEANS,85
SL,Dune,0.4424613448013114,TSNE_KMEANS.85,23,TSNE_KMEANS,85
SL,Dune,0.20806965618745274,SC3.90,34,SC3,90
SL,Dune,0.48312813428752915,UMAP_KMEANS.90,24,UMAP_KMEANS,90
SL,Dune,0.4424613448013114,TSNE_KMEANS.90,23,TSNE_KMEANS,90
SL,Dune,0.1531195243417204,SC3.95,33,SC3,95
SL,Dune,0.4589867799492887,UMAP_KMEANS.95,23,UMAP_KMEANS,95
SL,Dune,0.4424613448013114,TSNE_KMEANS.95,23,TSNE_KMEANS,95
SL,Dune,0.45493427354745186,SC3.100,24,SC3,100
SL,Dune,0.4589867799492887,UMAP_KMEANS.100,23,UMAP_KMEANS,100
SL,Dune,0.4424613448013114,TSNE_KMEANS.100,23,TSNE_KMEANS,100
SL,Dune_NMI,0.642583630193816,SC3.00,40,SC3,0
SL,Dune_NMI,0.3679086078247483,UMAP_KMEANS.00,40,UMAP_KMEANS,0
SL,Dune_NMI,0.4033421127630525,TSNE_KMEANS.00,40,TSNE_KMEANS,0
SL,Dune_NMI,0.642583630193816,SC3.05,40,SC3,5
SL,Dune_NMI,0.4003908894114601,UMAP_KMEANS.05,39,UMAP_KMEANS,5
SL,Dune_NMI,0.43674949796947216,TSNE_KMEANS.05,39,TSNE_KMEANS,5
SL,Dune_NMI,0.642583630193816,SC3.10,40,SC3,10
SL,Dune_NMI,0.4003908894114601,UMAP_KMEANS.10,39,UMAP_KMEANS,10
SL,Dune_NMI,0.46847542869326286,TSNE_KMEANS.10,38,TSNE_KMEANS,10
SL,Dune_NMI,0.642583630193816,SC3.15,40,SC3,15
SL,Dune_NMI,0.4314562467878604,UMAP_KMEANS.15,38,UMAP_KMEANS,15
SL,Dune_NMI,0.46847542869326286,TSNE_KMEANS.15,38,TSNE_KMEANS,15
SL,Dune_NMI,0.642583630193816,SC3.20,40,SC3,20
SL,Dune_NMI,0.433630047042734,UMAP_KMEANS.20,37,UMAP_KMEANS,20
SL,Dune_NMI,0.46847542869326286,TSNE_KMEANS.20,38,TSNE_KMEANS,20
SL,Dune_NMI,0.642583630193816,SC3.25,40,SC3,25
SL,Dune_NMI,0.499619477936869,UMAP_KMEANS.25,35,UMAP_KMEANS,25
SL,Dune_NMI,0.46847542869326286,TSNE_KMEANS.25,38,TSNE_KMEANS,25
SL,Dune_NMI,0.642583630193816,SC3.30,40,SC3,30
SL,Dune_NMI,0.5272000507857542,UMAP_KMEANS.30,34,UMAP_KMEANS,30
SL,Dune_NMI,0.46847542869326286,TSNE_KMEANS.30,38,TSNE_KMEANS,30
SL,Dune_NMI,0.642583630193816,SC3.35,40,SC3,35
SL,Dune_NMI,0.5280786952218249,UMAP_KMEANS.35,33,UMAP_KMEANS,35
SL,Dune_NMI,0.46847542869326286,TSNE_KMEANS.35,38,TSNE_KMEANS,35
SL,Dune_NMI,0.642583630193816,SC3.40,40,SC3,40
SL,Dune_NMI,0.5582069208181916,UMAP_KMEANS.40,32,UMAP_KMEANS,40
SL,Dune_NMI,0.46968880129046936,TSNE_KMEANS.40,37,TSNE_KMEANS,40
SL,Dune_NMI,0.642583630193816,SC3.45,40,SC3,45
SL,Dune_NMI,0.5582069208181916,UMAP_KMEANS.45,32,UMAP_KMEANS,45
SL,Dune_NMI,0.5023545020573602,TSNE_KMEANS.45,36,TSNE_KMEANS,45
SL,Dune_NMI,0.642583630193816,SC3.50,40,SC3,50
SL,Dune_NMI,0.5582069208181916,UMAP_KMEANS.50,32,UMAP_KMEANS,50
SL,Dune_NMI,0.537125204057911,TSNE_KMEANS.50,34,TSNE_KMEANS,50
SL,Dune_NMI,0.642583630193816,SC3.55,40,SC3,55
SL,Dune_NMI,0.5582069208181916,UMAP_KMEANS.55,32,UMAP_KMEANS,55
SL,Dune_NMI,0.5387391530169443,TSNE_KMEANS.55,33,TSNE_KMEANS,55
SL,Dune_NMI,0.642583630193816,SC3.60,40,SC3,60
SL,Dune_NMI,0.5591017051215663,UMAP_KMEANS.60,31,UMAP_KMEANS,60
SL,Dune_NMI,0.5695703313907835,TSNE_KMEANS.60,32,TSNE_KMEANS,60
SL,Dune_NMI,0.642583630193816,SC3.65,40,SC3,65
SL,Dune_NMI,0.5899678887864346,UMAP_KMEANS.65,30,UMAP_KMEANS,65
SL,Dune_NMI,0.5695703313907835,TSNE_KMEANS.65,32,TSNE_KMEANS,65
SL,Dune_NMI,0.642583630193816,SC3.70,40,SC3,70
SL,Dune_NMI,0.5899678887864346,UMAP_KMEANS.70,30,UMAP_KMEANS,70
SL,Dune_NMI,0.6011718529530803,TSNE_KMEANS.70,30,TSNE_KMEANS,70
SL,Dune_NMI,0.642583630193816,SC3.75,40,SC3,75
SL,Dune_NMI,0.5912269482627894,UMAP_KMEANS.75,29,UMAP_KMEANS,75
SL,Dune_NMI,0.6011718529530803,TSNE_KMEANS.75,30,TSNE_KMEANS,75
SL,Dune_NMI,0.642583630193816,SC3.80,40,SC3,80
SL,Dune_NMI,0.6260352410537707,UMAP_KMEANS.80,27,UMAP_KMEANS,80
SL,Dune_NMI,0.6011718529530803,TSNE_KMEANS.80,30,TSNE_KMEANS,80
SL,Dune_NMI,0.642583630193816,SC3.85,40,SC3,85
SL,Dune_NMI,0.6260352410537707,UMAP_KMEANS.85,27,UMAP_KMEANS,85
SL,Dune_NMI,0.6014495868171984,TSNE_KMEANS.85,28,TSNE_KMEANS,85
SL,Dune_NMI,0.642583630193816,SC3.90,40,SC3,90
SL,Dune_NMI,0.6260352410537707,UMAP_KMEANS.90,27,UMAP_KMEANS,90
SL,Dune_NMI,0.6020664005583026,TSNE_KMEANS.90,27,TSNE_KMEANS,90
SL,Dune_NMI,0.642583630193816,SC3.95,40,SC3,95
SL,Dune_NMI,0.6589902780806427,UMAP_KMEANS.95,26,UMAP_KMEANS,95
SL,Dune_NMI,0.6394975378708949,TSNE_KMEANS.95,26,TSNE_KMEANS,95
SL,Dune_NMI,0.9330446669282603,SC3.100,31,SC3,100
SL,Dune_NMI,0.6589902780806427,UMAP_KMEANS.100,26,UMAP_KMEANS,100
SL,Dune_NMI,0.6394975378708949,TSNE_KMEANS.100,26,TSNE_KMEANS,100
SL,DE,0.642583630193816,SC3.SC3_0,40,SC3,0
SL,DE,0.6713883073810434,SC3.SC3_0.005,39,SC3,0.005
SL,DE,0.9253783658108835,SC3.SC3_0.01,31,SC3,0.01
SL,DE,0.9253783658108835,SC3.SC3_0.015,31,SC3,0.015
SL,DE,0.9253783658108835,SC3.SC3_0.02,31,SC3,0.02
SL,DE,0.9253783658108835,SC3.SC3_0.025,31,SC3,0.025
SL,DE,0.9253783658108835,SC3.SC3_0.03,31,SC3,0.03
SL,DE,0.9253783658108835,SC3.SC3_0.035,31,SC3,0.035
SL,DE,0.9253783658108835,SC3.SC3_0.04,31,SC3,0.04
SL,DE,0.9253783658108835,SC3.SC3_0.045,31,SC3,0.045
SL,DE,0.9253783658108835,SC3.SC3_0.05,31,SC3,0.05
SL,DE,0.9253783658108835,SC3.SC3_0.055,31,SC3,0.055
SL,DE,0.9253783658108835,SC3.SC3_0.06,31,SC3,0.06
SL,DE,0.545267034247991,SC3.SC3_0.065,25,SC3,0.065
SL,DE,0.23256483788153037,SC3.SC3_0.07,20,SC3,0.07
SL,DE,0.23256483788153037,SC3.SC3_0.075,20,SC3,0.075
SL,DE,0.16564488610995035,SC3.SC3_0.08,19,SC3,0.08
SL,DE,0.09000796035411052,SC3.SC3_0.085,17,SC3,0.085
SL,DE,0.09000796035411052,SC3.SC3_0.09,17,SC3,0.09
SL,DE,0.09000796035411052,SC3.SC3_0.095,17,SC3,0.095
SL,DE,0.09000796035411052,SC3.SC3_0.1,17,SC3,0.1
SL,DE,0.09000796035411052,SC3.SC3_0.105,17,SC3,0.105
SL,DE,0.04723463063321524,SC3.SC3_0.11,14,SC3,0.11
SL,DE,0,SC3.SC3_0.115,1,SC3,0.115
SL,DE,0,SC3.SC3_0.12,1,SC3,0.12
SL,DE,0,SC3.SC3_0.125,1,SC3,0.125
SL,DE,0,SC3.SC3_0.13,1,SC3,0.13
SL,DE,0,SC3.SC3_0.135,1,SC3,0.135
SL,DE,0,SC3.SC3_0.14,1,SC3,0.14
SL,DE,0,SC3.SC3_0.145,1,SC3,0.145
SL,DE,0,SC3.SC3_0.15,1,SC3,0.15
SL,DE,0,SC3.SC3_0.155,1,SC3,0.155
SL,DE,0,SC3.SC3_0.16,1,SC3,0.16
SL,DE,0,SC3.SC3_0.165,1,SC3,0.165
SL,DE,0,SC3.SC3_0.17,1,SC3,0.17
SL,DE,0,SC3.SC3_0.175,1,SC3,0.175
SL,DE,0,SC3.SC3_0.18,1,SC3,0.18
SL,DE,0,SC3.SC3_0.185,1,SC3,0.185
SL,DE,0,SC3.SC3_0.19,1,SC3,0.19
SL,DE,0,SC3.SC3_0.195,1,SC3,0.195
SL,DE,0,SC3.SC3_0.2,1,SC3,0.2
SL,DE,0,SC3.SC3_0.205,1,SC3,0.205
SL,DE,0,SC3.SC3_0.21,1,SC3,0.21
SL,DE,0,SC3.SC3_0.215,1,SC3,0.215
SL,DE,0,SC3.SC3_0.22,1,SC3,0.22
SL,DE,0,SC3.SC3_0.225,1,SC3,0.225
SL,DE,0,SC3.SC3_0.23,1,SC3,0.23
SL,DE,0,SC3.SC3_0.235,1,SC3,0.235
SL,DE,0,SC3.SC3_0.24,1,SC3,0.24
SL,DE,0,SC3.SC3_0.245,1,SC3,0.245
SL,DE,0,SC3.SC3_0.25,1,SC3,0.25
SL,DE,0,SC3.SC3_0.255,1,SC3,0.255
SL,DE,0,SC3.SC3_0.26,1,SC3,0.26
SL,DE,0,SC3.SC3_0.265,1,SC3,0.265
SL,DE,0,SC3.SC3_0.27,1,SC3,0.27
SL,DE,0,SC3.SC3_0.275,1,SC3,0.275
SL,DE,0,SC3.SC3_0.28,1,SC3,0.28
SL,DE,0,SC3.SC3_0.285,1,SC3,0.285
SL,DE,0,SC3.SC3_0.29,1,SC3,0.29
SL,DE,0,SC3.SC3_0.295,1,SC3,0.295
SL,DE,0,SC3.SC3_0.3,1,SC3,0.3
SL,DE,0.3679086078247483,UMAP_KMEANS.UMAP_KMEANS_0,40,UMAP_KMEANS,0
SL,DE,0.5328321580152674,UMAP_KMEANS.UMAP_KMEANS_0.005,30,UMAP_KMEANS,0.005
SL,DE,0.6589902780806427,UMAP_KMEANS.UMAP_KMEANS_0.01,26,UMAP_KMEANS,0.01
SL,DE,0.6589902780806427,UMAP_KMEANS.UMAP_KMEANS_0.015,26,UMAP_KMEANS,0.015
SL,DE,0.6589902780806427,UMAP_KMEANS.UMAP_KMEANS_0.02,26,UMAP_KMEANS,0.02
SL,DE,0.6589902780806427,UMAP_KMEANS.UMAP_KMEANS_0.025,26,UMAP_KMEANS,0.025
SL,DE,0.6589902780806427,UMAP_KMEANS.UMAP_KMEANS_0.03,26,UMAP_KMEANS,0.03
SL,DE,0.6589902780806427,UMAP_KMEANS.UMAP_KMEANS_0.035,26,UMAP_KMEANS,0.035
SL,DE,0.6589902780806427,UMAP_KMEANS.UMAP_KMEANS_0.04,26,UMAP_KMEANS,0.04
SL,DE,0.6589902780806427,UMAP_KMEANS.UMAP_KMEANS_0.045,26,UMAP_KMEANS,0.045
SL,DE,0.6589902780806427,UMAP_KMEANS.UMAP_KMEANS_0.05,26,UMAP_KMEANS,0.05
SL,DE,0.6589902780806427,UMAP_KMEANS.UMAP_KMEANS_0.055,26,UMAP_KMEANS,0.055
SL,DE,0.5051655994840429,UMAP_KMEANS.UMAP_KMEANS_0.06,24,UMAP_KMEANS,0.06
SL,DE,0.30441993524946276,UMAP_KMEANS.UMAP_KMEANS_0.065,21,UMAP_KMEANS,0.065
SL,DE,0.30441993524946276,UMAP_KMEANS.UMAP_KMEANS_0.07,21,UMAP_KMEANS,0.07
SL,DE,0.30441993524946276,UMAP_KMEANS.UMAP_KMEANS_0.075,21,UMAP_KMEANS,0.075
SL,DE,0.30441993524946276,UMAP_KMEANS.UMAP_KMEANS_0.08,21,UMAP_KMEANS,0.08
SL,DE,0,UMAP_KMEANS.UMAP_KMEANS_0.085,1,UMAP_KMEANS,0.085
SL,DE,0,UMAP_KMEANS.UMAP_KMEANS_0.09,1,UMAP_KMEANS,0.09
SL,DE,0,UMAP_KMEANS.UMAP_KMEANS_0.095,1,UMAP_KMEANS,0.095
SL,DE,0,UMAP_KMEANS.UMAP_KMEANS_0.1,1,UMAP_KMEANS,0.1
SL,DE,0,UMAP_KMEANS.UMAP_KMEANS_0.105,1,UMAP_KMEANS,0.105
SL,DE,0,UMAP_KMEANS.UMAP_KMEANS_0.11,1,UMAP_KMEANS,0.11
SL,DE,0,UMAP_KMEANS.UMAP_KMEANS_0.115,1,UMAP_KMEANS,0.115
SL,DE,0,UMAP_KMEANS.UMAP_KMEANS_0.12,1,UMAP_KMEANS,0.12
SL,DE,0,UMAP_KMEANS.UMAP_KMEANS_0.125,1,UMAP_KMEANS,0.125
SL,DE,0,UMAP_KMEANS.UMAP_KMEANS_0.13,1,UMAP_KMEANS,0.13
SL,DE,0,UMAP_KMEANS.UMAP_KMEANS_0.135,1,UMAP_KMEANS,0.135
SL,DE,0,UMAP_KMEANS.UMAP_KMEANS_0.14,1,UMAP_KMEANS,0.14
SL,DE,0,UMAP_KMEANS.UMAP_KMEANS_0.145,1,UMAP_KMEANS,0.145
SL,DE,0,UMAP_KMEANS.UMAP_KMEANS_0.15,1,UMAP_KMEANS,0.15
SL,DE,0,UMAP_KMEANS.UMAP_KMEANS_0.155,1,UMAP_KMEANS,0.155
SL,DE,0,UMAP_KMEANS.UMAP_KMEANS_0.16,1,UMAP_KMEANS,0.16
SL,DE,0,UMAP_KMEANS.UMAP_KMEANS_0.165,1,UMAP_KMEANS,0.165
SL,DE,0,UMAP_KMEANS.UMAP_KMEANS_0.17,1,UMAP_KMEANS,0.17
SL,DE,0,UMAP_KMEANS.UMAP_KMEANS_0.175,1,UMAP_KMEANS,0.175
SL,DE,0,UMAP_KMEANS.UMAP_KMEANS_0.18,1,UMAP_KMEANS,0.18
SL,DE,0,UMAP_KMEANS.UMAP_KMEANS_0.185,1,UMAP_KMEANS,0.185
SL,DE,0,UMAP_KMEANS.UMAP_KMEANS_0.19,1,UMAP_KMEANS,0.19
SL,DE,0,UMAP_KMEANS.UMAP_KMEANS_0.195,1,UMAP_KMEANS,0.195
SL,DE,0,UMAP_KMEANS.UMAP_KMEANS_0.2,1,UMAP_KMEANS,0.2
SL,DE,0,UMAP_KMEANS.UMAP_KMEANS_0.205,1,UMAP_KMEANS,0.205
SL,DE,0,UMAP_KMEANS.UMAP_KMEANS_0.21,1,UMAP_KMEANS,0.21
SL,DE,0,UMAP_KMEANS.UMAP_KMEANS_0.215,1,UMAP_KMEANS,0.215
SL,DE,0,UMAP_KMEANS.UMAP_KMEANS_0.22,1,UMAP_KMEANS,0.22
SL,DE,0,UMAP_KMEANS.UMAP_KMEANS_0.225,1,UMAP_KMEANS,0.225
SL,DE,0,UMAP_KMEANS.UMAP_KMEANS_0.23,1,UMAP_KMEANS,0.23
SL,DE,0,UMAP_KMEANS.UMAP_KMEANS_0.235,1,UMAP_KMEANS,0.235
SL,DE,0,UMAP_KMEANS.UMAP_KMEANS_0.24,1,UMAP_KMEANS,0.24
SL,DE,0,UMAP_KMEANS.UMAP_KMEANS_0.245,1,UMAP_KMEANS,0.245
SL,DE,0,UMAP_KMEANS.UMAP_KMEANS_0.25,1,UMAP_KMEANS,0.25
SL,DE,0,UMAP_KMEANS.UMAP_KMEANS_0.255,1,UMAP_KMEANS,0.255
SL,DE,0,UMAP_KMEANS.UMAP_KMEANS_0.26,1,UMAP_KMEANS,0.26
SL,DE,0,UMAP_KMEANS.UMAP_KMEANS_0.265,1,UMAP_KMEANS,0.265
SL,DE,0,UMAP_KMEANS.UMAP_KMEANS_0.27,1,UMAP_KMEANS,0.27
SL,DE,0,UMAP_KMEANS.UMAP_KMEANS_0.275,1,UMAP_KMEANS,0.275
SL,DE,0,UMAP_KMEANS.UMAP_KMEANS_0.28,1,UMAP_KMEANS,0.28
SL,DE,0,UMAP_KMEANS.UMAP_KMEANS_0.285,1,UMAP_KMEANS,0.285
SL,DE,0,UMAP_KMEANS.UMAP_KMEANS_0.29,1,UMAP_KMEANS,0.29
SL,DE,0,UMAP_KMEANS.UMAP_KMEANS_0.295,1,UMAP_KMEANS,0.295
SL,DE,0,UMAP_KMEANS.UMAP_KMEANS_0.3,1,UMAP_KMEANS,0.3
SL,DE,0.4033421127630525,TSNE_KMEANS.TSNE_KMEANS_0,40,TSNE_KMEANS,0
SL,DE,0.4771002551319946,TSNE_KMEANS.TSNE_KMEANS_0.005,31,TSNE_KMEANS,0.005
SL,DE,0.6394975378708949,TSNE_KMEANS.TSNE_KMEANS_0.01,26,TSNE_KMEANS,0.01
SL,DE,0.6394975378708949,TSNE_KMEANS.TSNE_KMEANS_0.015,26,TSNE_KMEANS,0.015
SL,DE,0.6394975378708949,TSNE_KMEANS.TSNE_KMEANS_0.02,26,TSNE_KMEANS,0.02
SL,DE,0.6394975378708949,TSNE_KMEANS.TSNE_KMEANS_0.025,26,TSNE_KMEANS,0.025
SL,DE,0.6394975378708949,TSNE_KMEANS.TSNE_KMEANS_0.03,26,TSNE_KMEANS,0.03
SL,DE,0.6394975378708949,TSNE_KMEANS.TSNE_KMEANS_0.035,26,TSNE_KMEANS,0.035
SL,DE,0.6394975378708949,TSNE_KMEANS.TSNE_KMEANS_0.04,26,TSNE_KMEANS,0.04
SL,DE,0.6394975378708949,TSNE_KMEANS.TSNE_KMEANS_0.045,26,TSNE_KMEANS,0.045
SL,DE,0.6394975378708949,TSNE_KMEANS.TSNE_KMEANS_0.05,26,TSNE_KMEANS,0.05
SL,DE,0.6394975378708949,TSNE_KMEANS.TSNE_KMEANS_0.055,26,TSNE_KMEANS,0.055
SL,DE,0.5925274903586584,TSNE_KMEANS.TSNE_KMEANS_0.06,25,TSNE_KMEANS,0.06
SL,DE,0.3057427262849973,TSNE_KMEANS.TSNE_KMEANS_0.065,18,TSNE_KMEANS,0.065
SL,DE,0.17610005238283422,TSNE_KMEANS.TSNE_KMEANS_0.07,16,TSNE_KMEANS,0.07
SL,DE,0.17610005238283422,TSNE_KMEANS.TSNE_KMEANS_0.075,16,TSNE_KMEANS,0.075
SL,DE,0.17610005238283422,TSNE_KMEANS.TSNE_KMEANS_0.08,16,TSNE_KMEANS,0.08
SL,DE,0.17610005238283422,TSNE_KMEANS.TSNE_KMEANS_0.085,16,TSNE_KMEANS,0.085
SL,DE,0.17610005238283422,TSNE_KMEANS.TSNE_KMEANS_0.09,16,TSNE_KMEANS,0.09
SL,DE,-0.09453374173443715,TSNE_KMEANS.TSNE_KMEANS_0.095,4,TSNE_KMEANS,0.095
SL,DE,-0.09453374173443715,TSNE_KMEANS.TSNE_KMEANS_0.1,4,TSNE_KMEANS,0.1
SL,DE,-0.09453374173443715,TSNE_KMEANS.TSNE_KMEANS_0.105,4,TSNE_KMEANS,0.105
SL,DE,-0.09453374173443715,TSNE_KMEANS.TSNE_KMEANS_0.11,4,TSNE_KMEANS,0.11
SL,DE,-0.09453374173443715,TSNE_KMEANS.TSNE_KMEANS_0.115,4,TSNE_KMEANS,0.115
SL,DE,0,TSNE_KMEANS.TSNE_KMEANS_0.12,1,TSNE_KMEANS,0.12
SL,DE,0,TSNE_KMEANS.TSNE_KMEANS_0.125,1,TSNE_KMEANS,0.125
SL,DE,0,TSNE_KMEANS.TSNE_KMEANS_0.13,1,TSNE_KMEANS,0.13
SL,DE,0,TSNE_KMEANS.TSNE_KMEANS_0.135,1,TSNE_KMEANS,0.135
SL,DE,0,TSNE_KMEANS.TSNE_KMEANS_0.14,1,TSNE_KMEANS,0.14
SL,DE,0,TSNE_KMEANS.TSNE_KMEANS_0.145,1,TSNE_KMEANS,0.145
SL,DE,0,TSNE_KMEANS.TSNE_KMEANS_0.15,1,TSNE_KMEANS,0.15
SL,DE,0,TSNE_KMEANS.TSNE_KMEANS_0.155,1,TSNE_KMEANS,0.155
SL,DE,0,TSNE_KMEANS.TSNE_KMEANS_0.16,1,TSNE_KMEANS,0.16
SL,DE,0,TSNE_KMEANS.TSNE_KMEANS_0.165,1,TSNE_KMEANS,0.165
SL,DE,0,TSNE_KMEANS.TSNE_KMEANS_0.17,1,TSNE_KMEANS,0.17
SL,DE,0,TSNE_KMEANS.TSNE_KMEANS_0.175,1,TSNE_KMEANS,0.175
SL,DE,0,TSNE_KMEANS.TSNE_KMEANS_0.18,1,TSNE_KMEANS,0.18
SL,DE,0,TSNE_KMEANS.TSNE_KMEANS_0.185,1,TSNE_KMEANS,0.185
SL,DE,0,TSNE_KMEANS.TSNE_KMEANS_0.19,1,TSNE_KMEANS,0.19
SL,DE,0,TSNE_KMEANS.TSNE_KMEANS_0.195,1,TSNE_KMEANS,0.195
SL,DE,0,TSNE_KMEANS.TSNE_KMEANS_0.2,1,TSNE_KMEANS,0.2
SL,DE,0,TSNE_KMEANS.TSNE_KMEANS_0.205,1,TSNE_KMEANS,0.205
SL,DE,0,TSNE_KMEANS.TSNE_KMEANS_0.21,1,TSNE_KMEANS,0.21
SL,DE,0,TSNE_KMEANS.TSNE_KMEANS_0.215,1,TSNE_KMEANS,0.215
SL,DE,0,TSNE_KMEANS.TSNE_KMEANS_0.22,1,TSNE_KMEANS,0.22
SL,DE,0,TSNE_KMEANS.TSNE_KMEANS_0.225,1,TSNE_KMEANS,0.225
SL,DE,0,TSNE_KMEANS.TSNE_KMEANS_0.23,1,TSNE_KMEANS,0.23
SL,DE,0,TSNE_KMEANS.TSNE_KMEANS_0.235,1,TSNE_KMEANS,0.235
SL,DE,0,TSNE_KMEANS.TSNE_KMEANS_0.24,1,TSNE_KMEANS,0.24
SL,DE,0,TSNE_KMEANS.TSNE_KMEANS_0.245,1,TSNE_KMEANS,0.245
SL,DE,0,TSNE_KMEANS.TSNE_KMEANS_0.25,1,TSNE_KMEANS,0.25
SL,DE,0,TSNE_KMEANS.TSNE_KMEANS_0.255,1,TSNE_KMEANS,0.255
SL,DE,0,TSNE_KMEANS.TSNE_KMEANS_0.26,1,TSNE_KMEANS,0.26
SL,DE,0,TSNE_KMEANS.TSNE_KMEANS_0.265,1,TSNE_KMEANS,0.265
SL,DE,0,TSNE_KMEANS.TSNE_KMEANS_0.27,1,TSNE_KMEANS,0.27
SL,DE,0,TSNE_KMEANS.TSNE_KMEANS_0.275,1,TSNE_KMEANS,0.275
SL,DE,0,TSNE_KMEANS.TSNE_KMEANS_0.28,1,TSNE_KMEANS,0.28
SL,DE,0,TSNE_KMEANS.TSNE_KMEANS_0.285,1,TSNE_KMEANS,0.285
SL,DE,0,TSNE_KMEANS.TSNE_KMEANS_0.29,1,TSNE_KMEANS,0.29
SL,DE,0,TSNE_KMEANS.TSNE_KMEANS_0.295,1,TSNE_KMEANS,0.295
SL,DE,0,TSNE_KMEANS.TSNE_KMEANS_0.3,1,TSNE_KMEANS,0.3
SL,Dist,-0.2273070764229005,SC3.SC3_35,5,SC3,35
SL,Dist,-0.2875201400804467,SC3.SC3_34,6,SC3,34
SL,Dist,-0.3765125717249165,SC3.SC3_33,7,SC3,33
SL,Dist,-0.36295128204324223,SC3.SC3_32,8,SC3,32
SL,Dist,-0.4281757454088855,SC3.SC3_31,9,SC3,31
SL,Dist,-0.43824268067160616,SC3.SC3_30,10,SC3,30
SL,Dist,-0.3854317111168936,SC3.SC3_29,11,SC3,29
SL,Dist,-0.34131490648219026,SC3.SC3_28,12,SC3,28
SL,Dist,-0.37081762109090194,SC3.SC3_27,13,SC3,27
SL,Dist,-0.36303856287368647,SC3.SC3_26,14,SC3,26
SL,Dist,-0.33641075467370735,SC3.SC3_25,15,SC3,25
SL,Dist,-0.3479789134579267,SC3.SC3_24,16,SC3,24
SL,Dist,-0.3073171317996795,SC3.SC3_23,17,SC3,23
SL,Dist,-0.22259255557909985,SC3.SC3_22,18,SC3,22
SL,Dist,-0.2798347724364211,SC3.SC3_21,19,SC3,21
SL,Dist,-0.19297268732809084,SC3.SC3_20,20,SC3,20
SL,Dist,-0.1607112245621459,SC3.SC3_19,21,SC3,19
SL,Dist,-0.15216164085300854,SC3.SC3_18,22,SC3,18
SL,Dist,-0.09150175379195241,SC3.SC3_17,23,SC3,17
SL,Dist,-0.03526170403448926,SC3.SC3_16,24,SC3,16
SL,Dist,0.025790850434861744,SC3.SC3_15,25,SC3,15
SL,Dist,0.01111195976099916,SC3.SC3_14,26,SC3,14
SL,Dist,0.06000789116510077,SC3.SC3_13,27,SC3,13
SL,Dist,0.11223431264763135,SC3.SC3_12,28,SC3,12
SL,Dist,0.15709808459585306,SC3.SC3_11,29,SC3,11
SL,Dist,0.22719390415606075,SC3.SC3_10,30,SC3,10
SL,Dist,0.27532789126397916,SC3.SC3_9,31,SC3,9
SL,Dist,0.28558929051733406,SC3.SC3_8,32,SC3,8
SL,Dist,0.3013313338442986,SC3.SC3_7,33,SC3,7
SL,Dist,0.35242680381932934,SC3.SC3_6,34,SC3,6
SL,Dist,0.41680942398166004,SC3.SC3_5,35,SC3,5
SL,Dist,0.4697440995548437,SC3.SC3_4,36,SC3,4
SL,Dist,0.5380482280558957,SC3.SC3_3,37,SC3,3
SL,Dist,0.6101228394794967,SC3.SC3_2,38,SC3,2
SL,Dist,0.6713883073810434,SC3.SC3_1,39,SC3,1
SL,Dist,0.642583630193816,SC3.SC3_0,40,SC3,0
SL,Dist,-0.1418859970349699,UMAP_KMEANS.UMAP_KMEANS_35,5,UMAP_KMEANS,35
SL,Dist,-0.10653270230529986,UMAP_KMEANS.UMAP_KMEANS_34,6,UMAP_KMEANS,34
SL,Dist,-0.09556767041434765,UMAP_KMEANS.UMAP_KMEANS_33,7,UMAP_KMEANS,33
SL,Dist,-0.08813333062034939,UMAP_KMEANS.UMAP_KMEANS_32,8,UMAP_KMEANS,32
SL,Dist,-0.10929604707876839,UMAP_KMEANS.UMAP_KMEANS_31,9,UMAP_KMEANS,31
SL,Dist,-0.0838265520341053,UMAP_KMEANS.UMAP_KMEANS_30,10,UMAP_KMEANS,30
SL,Dist,-0.07008614536999727,UMAP_KMEANS.UMAP_KMEANS_29,11,UMAP_KMEANS,29
SL,Dist,-0.022312945733555488,UMAP_KMEANS.UMAP_KMEANS_28,12,UMAP_KMEANS,28
SL,Dist,0.00771733896253485,UMAP_KMEANS.UMAP_KMEANS_27,13,UMAP_KMEANS,27
SL,Dist,0.06751339363441033,UMAP_KMEANS.UMAP_KMEANS_26,14,UMAP_KMEANS,26
SL,Dist,0.11447621153214713,UMAP_KMEANS.UMAP_KMEANS_25,15,UMAP_KMEANS,25
SL,Dist,0.16988445672878633,UMAP_KMEANS.UMAP_KMEANS_24,16,UMAP_KMEANS,24
SL,Dist,0.18488023785961344,UMAP_KMEANS.UMAP_KMEANS_23,17,UMAP_KMEANS,23
SL,Dist,0.2752186721010912,UMAP_KMEANS.UMAP_KMEANS_22,18,UMAP_KMEANS,22
SL,Dist,0.33403048017674986,UMAP_KMEANS.UMAP_KMEANS_21,19,UMAP_KMEANS,21
SL,Dist,0.37024860488517897,UMAP_KMEANS.UMAP_KMEANS_20,20,UMAP_KMEANS,20
SL,Dist,0.4182193299882137,UMAP_KMEANS.UMAP_KMEANS_19,21,UMAP_KMEANS,19
SL,Dist,0.46294514573254225,UMAP_KMEANS.UMAP_KMEANS_18,22,UMAP_KMEANS,18
SL,Dist,0.5148406888532637,UMAP_KMEANS.UMAP_KMEANS_17,23,UMAP_KMEANS,17
SL,Dist,0.5672013668551933,UMAP_KMEANS.UMAP_KMEANS_16,24,UMAP_KMEANS,16
SL,Dist,0.5342362992766814,UMAP_KMEANS.UMAP_KMEANS_15,25,UMAP_KMEANS,15
SL,Dist,0.6075351804587783,UMAP_KMEANS.UMAP_KMEANS_14,26,UMAP_KMEANS,14
SL,Dist,0.5745811710950769,UMAP_KMEANS.UMAP_KMEANS_13,27,UMAP_KMEANS,13
SL,Dist,0.5930712011384295,UMAP_KMEANS.UMAP_KMEANS_12,28,UMAP_KMEANS,12
SL,Dist,0.563079997085647,UMAP_KMEANS.UMAP_KMEANS_11,29,UMAP_KMEANS,11
SL,Dist,0.5613261049042239,UMAP_KMEANS.UMAP_KMEANS_10,30,UMAP_KMEANS,10
SL,Dist,0.5310782658338442,UMAP_KMEANS.UMAP_KMEANS_9,31,UMAP_KMEANS,9
SL,Dist,0.5300625998541892,UMAP_KMEANS.UMAP_KMEANS_8,32,UMAP_KMEANS,8
SL,Dist,0.5287131796836175,UMAP_KMEANS.UMAP_KMEANS_7,33,UMAP_KMEANS,7
SL,Dist,0.49297158785986217,UMAP_KMEANS.UMAP_KMEANS_6,34,UMAP_KMEANS,6
SL,Dist,0.46187170249081966,UMAP_KMEANS.UMAP_KMEANS_5,35,UMAP_KMEANS,5
SL,Dist,0.46121061989161916,UMAP_KMEANS.UMAP_KMEANS_4,36,UMAP_KMEANS,4
SL,Dist,0.433630047042734,UMAP_KMEANS.UMAP_KMEANS_3,37,UMAP_KMEANS,3
SL,Dist,0.4025646896663338,UMAP_KMEANS.UMAP_KMEANS_2,38,UMAP_KMEANS,2
SL,Dist,0.4003908894114601,UMAP_KMEANS.UMAP_KMEANS_1,39,UMAP_KMEANS,1
SL,Dist,0.3679086078247483,UMAP_KMEANS.UMAP_KMEANS_0,40,UMAP_KMEANS,0
SL,Dist,-0.13134333907300028,TSNE_KMEANS.TSNE_KMEANS_35,5,TSNE_KMEANS,35
SL,Dist,-0.07665405825854028,TSNE_KMEANS.TSNE_KMEANS_34,6,TSNE_KMEANS,34
SL,Dist,-0.007647164679061062,TSNE_KMEANS.TSNE_KMEANS_33,7,TSNE_KMEANS,33
SL,Dist,0.03974593997672915,TSNE_KMEANS.TSNE_KMEANS_32,8,TSNE_KMEANS,32
SL,Dist,0.0458766504105542,TSNE_KMEANS.TSNE_KMEANS_31,9,TSNE_KMEANS,31
SL,Dist,0.04131581009300702,TSNE_KMEANS.TSNE_KMEANS_30,10,TSNE_KMEANS,30
SL,Dist,0.062116557822687456,TSNE_KMEANS.TSNE_KMEANS_29,11,TSNE_KMEANS,29
SL,Dist,0.08115918774426109,TSNE_KMEANS.TSNE_KMEANS_28,12,TSNE_KMEANS,28
SL,Dist,0.1278993926389621,TSNE_KMEANS.TSNE_KMEANS_27,13,TSNE_KMEANS,27
SL,Dist,0.12489835891254457,TSNE_KMEANS.TSNE_KMEANS_26,14,TSNE_KMEANS,26
SL,Dist,0.17333768384327702,TSNE_KMEANS.TSNE_KMEANS_25,15,TSNE_KMEANS,25
SL,Dist,0.19826667763101372,TSNE_KMEANS.TSNE_KMEANS_24,16,TSNE_KMEANS,24
SL,Dist,0.27100449475646754,TSNE_KMEANS.TSNE_KMEANS_23,17,TSNE_KMEANS,23
SL,Dist,0.234759950616128,TSNE_KMEANS.TSNE_KMEANS_22,18,TSNE_KMEANS,22
SL,Dist,0.2659503373714522,TSNE_KMEANS.TSNE_KMEANS_21,19,TSNE_KMEANS,21
SL,Dist,0.2978517444812433,TSNE_KMEANS.TSNE_KMEANS_20,20,TSNE_KMEANS,20
SL,Dist,0.34489779561485157,TSNE_KMEANS.TSNE_KMEANS_19,21,TSNE_KMEANS,19
SL,Dist,0.41207895063092115,TSNE_KMEANS.TSNE_KMEANS_18,22,TSNE_KMEANS,18
SL,Dist,0.4337768078169902,TSNE_KMEANS.TSNE_KMEANS_17,23,TSNE_KMEANS,17
SL,Dist,0.5185154681293503,TSNE_KMEANS.TSNE_KMEANS_16,24,TSNE_KMEANS,16
SL,Dist,0.5355443123825091,TSNE_KMEANS.TSNE_KMEANS_15,25,TSNE_KMEANS,15
SL,Dist,0.5745435510420199,TSNE_KMEANS.TSNE_KMEANS_14,26,TSNE_KMEANS,14
SL,Dist,0.5418909240184351,TSNE_KMEANS.TSNE_KMEANS_13,27,TSNE_KMEANS,13
SL,Dist,0.5102774987385402,TSNE_KMEANS.TSNE_KMEANS_12,28,TSNE_KMEANS,12
SL,Dist,0.5084657461347315,TSNE_KMEANS.TSNE_KMEANS_11,29,TSNE_KMEANS,11
SL,Dist,0.5371705931576171,TSNE_KMEANS.TSNE_KMEANS_10,30,TSNE_KMEANS,10
SL,Dist,0.5070144332519766,TSNE_KMEANS.TSNE_KMEANS_9,31,TSNE_KMEANS,9
SL,Dist,0.4752885025281859,TSNE_KMEANS.TSNE_KMEANS_8,32,TSNE_KMEANS,8
SL,Dist,0.4751336659787102,TSNE_KMEANS.TSNE_KMEANS_7,33,TSNE_KMEANS,7
SL,Dist,0.4419077062861746,TSNE_KMEANS.TSNE_KMEANS_6,34,TSNE_KMEANS,6
SL,Dist,0.4417848089715323,TSNE_KMEANS.TSNE_KMEANS_5,35,TSNE_KMEANS,5
SL,Dist,0.4405714363743258,TSNE_KMEANS.TSNE_KMEANS_4,36,TSNE_KMEANS,4
SL,Dist,0.4397396019341437,TSNE_KMEANS.TSNE_KMEANS_3,37,TSNE_KMEANS,3
SL,Dist,0.43819485962612853,TSNE_KMEANS.TSNE_KMEANS_2,38,TSNE_KMEANS,2
SL,Dist,0.43674949796947216,TSNE_KMEANS.TSNE_KMEANS_1,39,TSNE_KMEANS,1
SL,Dist,0.4033421127630525,TSNE_KMEANS.TSNE_KMEANS_0,40,TSNE_KMEANS,0
SL,param,0.2451201889530483,NA,20,SC3,NA
SL,param,0.6304469981894848,NA,25,SC3,NA
SL,param,0.9388775095610981,NA,30,SC3,NA
SL,param,0.8058882916093153,NA,35,SC3,NA
SL,param,0.642583630193816,NA,40,SC3,NA
SL,param,0.5076298669349285,NA,45,SC3,NA
SL,param,0.3307437464271455,NA,50,SC3,NA
SL,param,0.1259382521966483,NA,20,UMAP_KMEANS,NA
SL,param,0.2785412679050507,NA,25,UMAP_KMEANS,NA
SL,param,0.09485742994914188,NA,30,UMAP_KMEANS,NA
SL,param,0.17859726660089306,NA,35,UMAP_KMEANS,NA
SL,param,0.3679086078247483,NA,40,UMAP_KMEANS,NA
SL,param,0.16708592638364425,NA,45,UMAP_KMEANS,NA
SL,param,0.5809309396771047,NA,50,UMAP_KMEANS,NA
SL,param,0.06181098408208299,NA,20,TSNE_KMEANS,NA
SL,param,0.3293405599212682,NA,25,TSNE_KMEANS,NA
SL,param,0.5676051746739929,NA,30,TSNE_KMEANS,NA
SL,param,0.2887153223541907,NA,35,TSNE_KMEANS,NA
SL,param,0.4033421127630525,NA,40,TSNE_KMEANS,NA
SL,param,0.4758995619612336,NA,45,TSNE_KMEANS,NA
SL,param,0.43548358800317766,NA,50,TSNE_KMEANS,NA
